"","type_name","team_name","selected_by","total_points","team_code","team_id","id","status","first_name","second_name","now_cost","value_form","value_season","points_per_game","ep_next","minutes","goals_scored","assists","clean_sheets","goals_conceded","own_goals","penalties_saved","penalties_missed","yellow_cards","red_cards","saves","bonus","ea_index","bps","team"
"1","Goalkeeper","Arsenal","12.5",2,3,1,1,"a","Wojciech","Szczesny",55,"0.4","0.4","2.0","3.1",90,0,0,0,1,0,0,0,0,0,1,0,13,7,1
"2","Defender","Arsenal","13.2",10,3,1,2,"a","Laurent","Koscielny",60,"1.7","1.7","10.0","3.1",90,1,0,0,1,0,0,0,0,0,0,2,38,33,1
"3","Defender","Arsenal","0.2",0,3,1,3,"u","Thomas","Vermaelen",50,"0.0","0.0","0.0","0.0",0,0,0,0,0,0,0,0,0,0,0,0,0,0,1
"4","Defender","Arsenal","3.1",1,3,1,4,"i","Kieran","Gibbs",55,"0.2","0.2","1.0","0.0",52,0,0,0,1,0,0,0,0,0,0,0,8,10,1
"5","Defender","West Ham","0.2",0,21,20,5,"a","Carl","Jenkinson",50,"0.0","0.0","0.0","2.2",0,0,0,0,0,0,0,0,0,0,0,0,0,0,20
"6","Defender","Arsenal","4.2",0,3,1,6,"d","Per","Mertesacker",60,"0.0","0.0","0.0","2.3",0,0,0,0,0,0,0,0,0,0,0,0,0,0,1
"7","Defender","Arsenal","0.5",1,3,1,7,"a","Nacho","Monreal",50,"0.2","0.2","1.0","2.2",38,0,0,0,0,0,0,0,0,0,0,0,6,4,1
"8","Defender","Arsenal","0.1",0,3,1,8,"a","Isaac","Hayden",45,"0.0","0.0","0.0","1.7",0,0,0,0,0,0,0,0,0,0,0,0,0,0,1
"9","Defender","Arsenal","0.1",0,3,1,9,"a","Héctor","Bellerín",45,"0.0","0.0","0.0","1.7",0,0,0,0,0,0,0,0,0,0,0,0,0,0,1
"10","Midfielder","Arsenal","5.2",2,3,1,10,"a","Jack","Wilshere",65,"0.3","0.3","2.0","2.4",68,0,0,0,1,0,0,0,0,0,0,0,16,12,1
"11","Midfielder","Arsenal","0.1",0,3,1,11,"i","Theo","Walcott",90,"0.0","0.0","0.0","0.0",0,0,0,0,0,0,0,0,0,0,0,0,0,0,1
"12","Midfielder","Arsenal","40.3",10,3,1,12,"a","Aaron","Ramsey",90,"1.1","1.1","10.0","3.3",90,1,0,0,1,0,0,0,0,0,0,3,40,34,1
"13","Midfielder","Arsenal","1.0",0,3,1,13,"a","Tomas","Rosicky",50,"0.0","0.0","0.0","1.5",0,0,0,0,0,0,0,0,0,0,0,0,0,0,1
"14","Midfielder","Arsenal","2.7",3,3,1,14,"i","Mikel","Arteta",55,"0.5","0.5","3.0","0.0",90,0,0,0,1,0,0,0,0,0,0,1,18,22,1
"15","Midfielder","Arsenal","1.7",1,3,1,15,"a","Alex","Oxlade-Chamberlain",65,"0.2","0.2","1.0","2.4",22,0,0,0,0,0,0,0,0,0,0,0,5,3,1
"16","Midfielder","Arsenal","3.8",1,3,1,16,"a","Santiago","Cazorla",85,"0.1","0.1","1.0","3.1",90,0,0,0,1,0,0,0,1,0,0,0,18,15,1
"17","Midfielder","Arsenal","0.1",0,3,1,17,"a","Vassiriki","Diaby",50,"0.0","0.0","0.0","1.5",0,0,0,0,0,0,0,0,0,0,0,0,0,0,1
"18","Midfielder","Arsenal","0.0",0,3,1,18,"i","Serge","Gnabry",50,"0.0","0.0","0.0","0.0",0,0,0,0,0,0,0,0,0,0,0,0,0,0,1
"19","Midfielder","Arsenal","0.0",0,3,1,19,"a","Gedion","Zelalem",50,"0.0","0.0","0.0","1.5",0,0,0,0,0,0,0,0,0,0,0,0,0,0,1
"20","Midfielder","Arsenal","0.3",0,3,1,20,"a","Mathieu","Flamini",50,"0.0","0.0","0.0","1.5",0,0,0,0,0,0,0,0,0,0,0,0,0,0,1
"21","Midfielder","Arsenal","2.6",0,3,1,21,"d","Mesut","Özil",90,"0.0","0.0","0.0","2.5",0,0,0,0,0,0,0,0,0,0,0,0,0,0,1
"22","Midfielder","Arsenal","0.1",0,3,1,22,"i","Ryo","Miyaichi",45,"0.0","0.0","0.0","0.0",0,0,0,0,0,0,0,0,0,0,0,0,0,0,1
"23","Midfielder","Arsenal","18.9",5,3,1,23,"a","Alexis","Sánchez",105,"0.5","0.5","5.0","3.8",90,0,1,0,1,0,0,0,0,0,0,0,22,14,1
"24","Forward","Arsenal","0.6",0,3,1,24,"d","Lukas","Podolski",75,"0.0","0.0","0.0","1.8",0,0,0,0,0,0,0,0,0,0,0,0,0,0,1
"25","Forward","Arsenal","23.8",1,3,1,25,"a","Olivier","Giroud",85,"0.1","0.1","1.0","2.7",29,0,0,0,0,0,0,0,0,0,0,0,1,5,1
"26","Forward","Arsenal","2.2",2,3,1,26,"d","Yaya","Sanogo",50,"0.4","0.4","2.0","1.0",61,0,0,0,1,0,0,0,0,0,0,0,7,5,1
"27","Forward","Arsenal","0.0",0,3,1,27,"a","Chuba","Akpom",50,"0.0","0.0","0.0","1.3",0,0,0,0,0,0,0,0,0,0,0,0,0,0,1
"28","Forward","Arsenal","1.0",0,3,1,28,"a","Joel","Campbell",54,"0.0","0.0","0.0","1.6",0,0,0,0,0,0,0,0,0,0,0,0,0,0,1
"29","Goalkeeper","Aston Villa","7.8",0,7,2,29,"a","Shay","Given",40,"0.0","0.0","0.0","1.0",0,0,0,0,0,0,0,0,0,0,0,0,0,0,2
"30","Goalkeeper","Aston Villa","6.1",6,7,2,30,"a","Bradley","Guzan",45,"1.3","1.3","6.0","1.6",90,0,0,1,0,0,0,0,0,0,2,0,15,22,2
"31","Defender","Aston Villa","0.2",0,7,2,31,"a","Nathan","Baker",45,"0.0","0.0","0.0","1.7",0,0,0,0,0,0,0,0,0,0,0,0,0,0,2
"32","Defender","Aston Villa","0.2",0,7,2,32,"a","Ciaran","Clark",45,"0.0","0.0","0.0","1.7",0,0,0,0,0,0,0,0,0,0,0,0,0,0,2
"33","Defender","Aston Villa","0.2",0,7,2,33,"a","Matthew","Lowton",45,"0.0","0.0","0.0","1.7",0,0,0,0,0,0,0,0,0,0,0,0,0,0,2
"34","Defender","Aston Villa","24.5",8,7,2,34,"a","Ron","Vlaar",46,"1.7","1.7","8.0","1.8",90,0,0,1,0,0,0,0,0,0,0,2,12,23,2
"35","Defender","Aston Villa","0.1",0,7,2,35,"u","Joe","Bennett",45,"0.0","0.0","0.0","1.7",0,0,0,0,0,0,0,0,0,0,0,0,0,0,2
"36","Defender","Aston Villa","0.2",0,7,2,36,"a","Jores","Okore",45,"0.0","0.0","0.0","1.7",0,0,0,0,0,0,0,0,0,0,0,0,0,0,2
"37","Defender","Aston Villa","0.0",0,7,2,37,"u","Antonio","Luna",45,"0.0","0.0","0.0","0.0",0,0,0,0,0,0,0,0,0,0,0,0,0,0,2
"38","Defender","Aston Villa","0.3",0,7,2,38,"a","Janoi","Donacien",40,"0.0","0.0","0.0","1.0",0,0,0,0,0,0,0,0,0,0,0,0,0,0,2
"39","Defender","Aston Villa","0.6",6,7,2,39,"a","Philippe","Senderos",45,"1.3","1.3","6.0","1.7",90,0,0,1,0,0,0,0,0,0,0,0,19,19,2
"40","Midfielder","Aston Villa","1.7",3,7,2,40,"a","Fabian","Delph",50,"0.6","0.6","3.0","1.5",90,0,0,1,0,0,0,0,0,0,0,0,11,11,2
"41","Midfielder","Aston Villa","0.3",3,7,2,41,"a","Charles","N'Zogbia",55,"0.5","0.5","3.0","2.0",70,0,0,1,0,0,0,0,0,0,0,0,19,2,2
"42","Midfielder","Aston Villa","0.3",0,7,2,42,"a","Gary","Gardner",45,"0.0","0.0","0.0","1.0",0,0,0,0,0,0,0,0,0,0,0,0,0,0,2
"43","Midfielder","Aston Villa","11.2",0,7,2,43,"a","Karim","El Ahmadi",45,"0.0","0.0","0.0","1.0",0,0,0,0,0,0,0,0,0,0,0,0,0,0,2
"44","Midfielder","Aston Villa","0.7",2,7,2,44,"a","Ashley","Westwood",50,"0.4","0.4","2.0","1.5",90,0,0,1,0,0,0,0,1,0,0,0,19,8,2
"45","Midfielder","Aston Villa","0.3",1,7,2,45,"a","Leandro","Bacuna",55,"0.2","0.2","1.0","2.0",9,0,0,0,0,0,0,0,0,0,0,0,-3,-1,2
"46","Midfielder","Aston Villa","0.0",0,7,2,46,"u","Aleksandar","Tonev",45,"0.0","0.0","0.0","0.0",0,0,0,0,0,0,0,0,0,0,0,0,0,0,2
"47","Midfielder","Aston Villa","0.0",0,7,2,47,"u","Samir","Carruthers",45,"0.0","0.0","0.0","1.0",0,0,0,0,0,0,0,0,0,0,0,0,0,0,2
"48","Midfielder","Aston Villa","0.0",0,7,2,48,"n","Daniel","Johnson",45,"0.0","0.0","0.0","0.0",0,0,0,0,0,0,0,0,0,0,0,0,0,0,2
"49","Midfielder","Aston Villa","0.2",1,7,2,49,"a","Jack","Grealish",45,"0.2","0.2","1.0","1.0",20,0,0,0,0,0,0,0,0,0,0,0,4,2,2
"50","Midfielder","Aston Villa","0.1",0,7,2,50,"a","Joe","Cole",55,"0.0","0.0","0.0","2.0",0,0,0,0,0,0,0,0,0,0,0,0,0,0,2
"51","Midfielder","Aston Villa","0.3",3,7,2,51,"a","Kieran","Richardson",50,"0.6","0.6","3.0","1.5",90,0,0,1,0,0,0,0,0,0,0,0,20,11,2
"52","Forward","Aston Villa","2.3",1,7,2,52,"a","Gabriel","Agbonlahor",55,"0.2","0.2","1.0","1.6",90,0,0,1,0,0,0,0,1,0,0,0,8,-2,2
"53","Forward","Aston Villa","4.1",9,7,2,53,"a","Andreas","Weimann",55,"1.6","1.6","9.0","1.6",81,1,0,1,0,0,0,0,0,0,0,3,33,29,2
"54","Forward","Aston Villa","0.2",0,7,2,54,"i","Christian","Benteke",80,"0.0","0.0","0.0","0.0",0,0,0,0,0,0,0,0,0,0,0,0,0,0,2
"55","Forward","Aston Villa","0.0",0,7,2,55,"i","Libor","Kozák",60,"0.0","0.0","0.0","0.0",0,0,0,0,0,0,0,0,0,0,0,0,0,0,2
"56","Forward","Aston Villa","0.2",0,7,2,56,"a","Callum","Robinson",45,"0.0","0.0","0.0","1.0",0,0,0,0,0,0,0,0,0,0,0,0,0,0,2
"57","Forward","Aston Villa","1.1",0,7,2,57,"a","Darren","Bent",50,"0.0","0.0","0.0","1.3",0,0,0,0,0,0,0,0,0,0,0,0,0,0,2
"58","Goalkeeper","Burnley","0.3",1,90,3,58,"a","Tom","Heaton",45,"0.2","0.2","1.0","1.6",90,0,0,0,3,0,0,0,0,0,0,0,3,8,3
"59","Goalkeeper","Burnley","3.7",0,90,3,59,"a","Matt","Gilks",40,"0.0","0.0","0.0","1.0",0,0,0,0,0,0,0,0,0,0,0,0,0,0,3
"60","Defender","Burnley","2.2",1,90,3,60,"a","Michael","Duff",40,"0.2","0.2","1.0","1.0",90,0,0,0,3,0,0,0,0,0,0,0,4,11,3
"61","Defender","Burnley","0.2",1,90,3,61,"a","Jason","Shackell",45,"0.2","0.2","1.0","1.7",90,0,0,0,3,0,0,0,0,0,0,0,6,12,3
"62","Defender","Burnley","0.9",0,90,3,62,"a","Kevin","Long",40,"0.0","0.0","0.0","1.0",0,0,0,0,0,0,0,0,0,0,0,0,0,0,3
"63","Defender","Burnley","0.7",0,90,3,63,"a","Daniel","Lafferty",40,"0.0","0.0","0.0","1.0",0,0,0,0,0,0,0,0,0,0,0,0,0,0,3
"64","Defender","Burnley","0.1",1,90,3,64,"a","Ben","Mee",45,"0.2","0.2","1.0","1.7",90,0,0,0,3,0,0,0,0,0,0,0,10,13,3
"65","Defender","Burnley","1.4",1,90,3,65,"a","Kieran","Trippier",50,"0.2","0.2","1.0","2.2",90,0,0,0,3,0,0,0,0,0,0,0,6,7,3
"66","Midfielder","Burnley","0.6",2,90,3,66,"a","Dean","Marney",45,"0.4","0.4","2.0","1.0",90,0,0,0,3,0,0,0,0,0,0,0,4,12,3
"67","Midfielder","Burnley","0.1",2,90,3,67,"a","David","Jones",45,"0.4","0.4","2.0","1.0",90,0,0,0,3,0,0,0,0,0,0,0,8,14,3
"68","Midfielder","Burnley","0.2",0,90,3,68,"a","Ross","Wallace",45,"0.0","0.0","0.0","1.0",0,0,0,0,0,0,0,0,0,0,0,0,0,0,3
"69","Midfielder","Burnley","0.3",7,90,3,69,"a","Scott","Arfield",50,"1.4","1.4","7.0","1.5",90,1,0,0,3,0,0,0,0,0,0,0,31,27,3
"70","Midfielder","Burnley","0.2",1,90,3,70,"a","Michael","Kightly",50,"0.2","0.2","1.0","1.5",21,0,0,0,0,0,0,0,0,0,0,0,1,1,3
"71","Midfielder","Burnley","0.2",5,90,3,71,"a","Matt","Taylor",50,"1.0","1.0","5.0","1.5",69,0,1,0,3,0,0,0,0,0,0,0,13,22,3
"72","Midfielder","Burnley","0.5",0,90,3,72,"a","Steven","Reid",45,"0.0","0.0","0.0","1.0",0,0,0,0,0,0,0,0,0,0,0,0,0,0,3
"73","Forward","Burnley","2.1",2,90,3,73,"a","Danny","Ings",60,"0.3","0.3","2.0","1.9",81,0,0,0,3,0,0,0,0,0,0,0,-8,1,3
"74","Forward","Burnley","0.0",0,90,3,74,"i","Sam","Vokes",55,"0.0","0.0","0.0","0.0",0,0,0,0,0,0,0,0,0,0,0,0,0,0,3
"75","Forward","Burnley","0.4",1,90,3,75,"a","Ashley","Barnes",45,"0.2","0.2","1.0","1.0",21,0,0,0,0,0,0,0,0,0,0,0,1,1,3
"76","Forward","Burnley","0.1",0,90,3,76,"a","Marvin","Sordell",50,"0.0","0.0","0.0","1.3",9,0,0,0,0,0,0,0,1,0,0,0,-1,-1,3
"77","Goalkeeper","Chelsea","4.0",0,8,4,77,"a","Petr","Cech",59,"0.0","0.0","0.0","3.8",0,0,0,0,0,0,0,0,0,0,0,0,0,0,4
"78","Goalkeeper","Chelsea","8.2",2,8,4,78,"a","Thibaut","Courtois",60,"0.3","0.3","2.0","4.0",90,0,0,0,1,0,0,0,0,0,1,0,14,11,4
"79","Defender","Chelsea","21.4",2,8,4,79,"a","Gary","Cahill",65,"0.3","0.3","2.0","3.6",90,0,0,0,1,0,0,0,0,0,0,0,13,15,4
"80","Defender","Chelsea","13.6",2,8,4,80,"a","John","Terry",65,"0.3","0.3","2.0","3.6",90,0,0,0,1,0,0,0,0,0,0,0,17,16,4
"81","Defender","Chelsea","10.4",10,8,4,81,"a","Branislav","Ivanovic",70,"1.4","1.4","10.0","4.0",90,1,0,0,1,0,0,0,0,0,0,2,32,31,4
"82","Defender","Chelsea","9.4",2,8,4,82,"a","Cesar","Azpilicueta",60,"0.3","0.3","2.0","3.1",90,0,0,0,1,0,0,0,0,0,0,0,16,18,4
"83","Defender","Chelsea","0.1",0,8,4,83,"a","Nathan","Aké",45,"0.0","0.0","0.0","1.7",0,0,0,0,0,0,0,0,0,0,0,0,0,0,4
"84","Defender","Southampton","1.3",1,20,14,84,"a","Ryan","Bertrand",50,"0.2","0.2","1.0","2.2",90,0,0,0,2,0,0,0,0,0,0,0,6,12,14
"85","Midfielder","Chelsea","0.0",0,8,4,85,"u","Josh","McEachran",45,"0.0","0.0","0.0","0.0",0,0,0,0,0,0,0,0,0,0,0,0,0,0,4
"86","Midfielder","Chelsea","0.2",0,8,4,86,"a","Nascimento","Ramires",55,"0.0","0.0","0.0","2.0",0,0,0,0,0,0,0,0,0,0,0,0,0,0,4
"87","Midfielder","Chelsea","0.7",1,8,4,87,"a","","Mikel",45,"0.2","0.2","1.0","1.0",9,0,0,0,0,0,0,0,0,0,0,0,1,3,4
"88","Midfielder","Chelsea","0.0",0,8,4,88,"u","Lucas","Piazon",50,"0.0","0.0","0.0","0.0",0,0,0,0,0,0,0,0,0,0,0,0,0,0,4
"89","Midfielder","Chelsea","19.2",2,8,4,89,"a","Eden","Hazard",100,"0.2","0.2","2.0","3.6",83,0,0,0,1,0,0,0,0,0,0,0,22,24,4
"90","Midfielder","Chelsea","5.8",2,8,4,90,"a","Emboaba","Oscar",85,"0.2","0.2","2.0","3.1",81,0,0,0,1,0,0,0,0,0,0,0,11,14,4
"91","Midfielder","Chelsea","8.7",8,8,4,91,"a","Andre","Schürrle",75,"1.1","1.1","8.0","2.7",77,1,0,0,1,0,0,0,0,0,0,1,31,30,4
"92","Midfielder","Chelsea","0.1",0,8,4,92,"a","Marco","van Ginkel",60,"0.0","0.0","0.0","2.2",0,0,0,0,0,0,0,0,0,0,0,0,0,0,4
"93","Midfielder","Chelsea","0.0",0,8,4,93,"a","Isaiah","Brown",45,"0.0","0.0","0.0","1.0",0,0,0,0,0,0,0,0,0,0,0,0,0,0,4
"94","Midfielder","Chelsea","0.5",1,8,4,94,"a","Willian","Borges Da Silva",80,"0.1","0.1","1.0","2.9",13,0,0,0,0,0,0,0,0,0,0,0,2,3,4
"95","Midfielder","Chelsea","3.0",2,8,4,95,"a","Nemanja","Matic",55,"0.4","0.4","2.0","2.0",90,0,0,0,1,0,0,0,0,0,0,0,15,15,4
"96","Midfielder","Chelsea","0.4",0,8,4,96,"a","Mohamed","Salah",64,"0.0","0.0","0.0","2.3",0,0,0,0,0,0,0,0,0,0,0,0,0,0,4
"97","Midfielder","Chelsea","0.0",0,8,4,97,"a","Lewis","Baker",50,"0.0","0.0","0.0","1.5",0,0,0,0,0,0,0,0,0,0,0,0,0,0,4
"98","Midfielder","Chelsea","0.0",0,8,4,98,"u","John","Swift",45,"0.0","0.0","0.0","0.0",0,0,0,0,0,0,0,0,0,0,0,0,0,0,4
"99","Midfielder","Stoke","0.1",0,110,16,99,"a","Victor","Moses",55,"0.0","0.0","0.0","2.0",0,0,0,0,0,0,0,0,0,0,0,0,0,0,16
"100","Midfielder","Chelsea","28.6",11,8,4,100,"a","Francesc","Fábregas",91,"1.2","1.2","11.0","3.3",90,0,2,0,1,0,0,0,0,0,0,3,31,44,4
"101","Forward","Chelsea","1.0",0,8,4,101,"a","Fernando","Torres",75,"0.0","0.0","0.0","2.4",0,0,0,0,0,0,0,0,0,0,0,0,0,0,4
"102","Forward","Chelsea","0.0",0,8,4,102,"u","Demba","Ba",70,"0.0","0.0","0.0","2.3",0,0,0,0,0,0,0,0,0,0,0,0,0,0,4
"103","Forward","Everton","12.4",2,11,6,103,"a","Romelu","Lukaku",90,"0.2","0.2","2.0","2.9",90,0,0,0,2,0,0,0,0,0,0,0,6,6,6
"104","Goalkeeper","Crystal Palace","3.0",2,31,5,104,"a","Julian","Speroni",50,"0.4","0.4","2.0","2.3",90,0,0,0,2,0,0,0,0,0,4,0,5,13,5
"105","Goalkeeper","Crystal Palace","0.2",0,31,5,105,"a","Wayne","Hennessey",45,"0.0","0.0","0.0","1.6",0,0,0,0,0,0,0,0,0,0,0,0,0,0,5
"106","Defender","Crystal Palace","5.9",1,31,5,106,"a","Joel","Ward",50,"0.2","0.2","1.0","2.2",90,0,0,0,2,0,0,0,0,0,0,0,4,12,5
"107","Defender","Crystal Palace","1.2",1,31,5,107,"a","Damien","Delaney",50,"0.2","0.2","1.0","2.2",16,0,0,0,1,0,0,0,0,0,0,0,0,4,5
"108","Defender","Crystal Palace","0.7",0,31,5,108,"a","Patrick","McCarthy",40,"0.0","0.0","0.0","1.0",0,0,0,0,0,0,0,0,0,0,0,0,0,0,5
"109","Defender","Crystal Palace","0.0",0,31,5,109,"n","Jack","Hunt",40,"0.0","0.0","0.0","0.0",0,0,0,0,0,0,0,0,0,0,0,0,0,0,5
"110","Defender","Crystal Palace","0.3",0,31,5,110,"d","Adrian","Mariappa",45,"0.0","0.0","0.0","1.2",0,0,0,0,0,0,0,0,0,0,0,0,0,0,5
"111","Defender","Crystal Palace","0.2",0,31,5,111,"a","Ryan","Inniss",40,"0.0","0.0","0.0","1.0",0,0,0,0,0,0,0,0,0,0,0,0,0,0,5
"112","Defender","Crystal Palace","0.2",2,31,5,112,"d","Scott","Dann",50,"0.4","0.4","2.0","0.6",74,0,0,0,1,0,0,0,0,0,0,0,2,8,5
"113","Midfielder","Crystal Palace","0.0",0,31,5,113,"a","Barry","Bannan",50,"0.0","0.0","0.0","1.5",0,0,0,0,0,0,0,0,0,0,0,0,0,0,5
"114","Midfielder","Crystal Palace","0.4",2,31,5,114,"a","Yannick","Bolasie",55,"0.4","0.4","2.0","2.0",90,0,0,0,1,0,0,0,0,0,0,0,3,3,5
"115","Midfielder","Crystal Palace","0.0",0,31,5,115,"a","Owen","Garvan",45,"0.0","0.0","0.0","1.0",0,0,0,0,0,0,0,0,0,0,0,0,0,0,5
"116","Midfielder","Crystal Palace","1.2",2,31,5,116,"a","Mile","Jedinak",50,"0.4","0.4","2.0","1.5",90,0,0,0,2,0,0,0,0,0,0,0,5,16,5
"117","Midfielder","Crystal Palace","0.0",0,31,5,117,"a","Jonathan","Williams",50,"0.0","0.0","0.0","1.5",0,0,0,0,0,0,0,0,0,0,0,0,0,0,5
"118","Midfielder","Crystal Palace","0.1",0,31,5,118,"d","Jerome","Thomas",45,"0.0","0.0","0.0","0.8",0,0,0,0,0,0,0,0,0,0,0,0,0,0,5
"119","Midfielder","Crystal Palace","4.7",2,31,5,119,"s","Jason","Puncheon",60,"0.3","0.3","2.0","0.0",88,0,1,0,2,0,0,0,0,1,0,0,13,5,5
"120","Midfielder","Crystal Palace","0.0",0,31,5,120,"u","José","Campaña",45,"0.0","0.0","0.0","0.0",0,0,0,0,0,0,0,0,0,0,0,0,0,0,5
"121","Midfielder","Crystal Palace","0.1",1,31,5,121,"a","Stuart","O'Keefe",45,"0.2","0.2","1.0","1.0",1,0,0,0,1,0,0,0,0,0,0,0,0,3,5
"122","Midfielder","Crystal Palace","0.1",0,31,5,122,"a","Jimmy","Kébé",45,"0.0","0.0","0.0","1.0",0,0,0,0,0,0,0,0,0,0,0,0,0,0,5
"123","Midfielder","Crystal Palace","0.0",0,31,5,123,"a","Adlène","Guédioura",45,"0.0","0.0","0.0","1.0",0,0,0,0,0,0,0,0,0,0,0,0,0,0,5
"124","Midfielder","Crystal Palace","0.4",0,31,5,124,"a","Hiram","Boateng",45,"0.0","0.0","0.0","1.0",0,0,0,0,0,0,0,0,0,0,0,0,0,0,5
"125","Midfielder","Crystal Palace","0.1",2,31,5,125,"a","Joseph","Ledley",55,"0.4","0.4","2.0","2.0",90,0,0,0,2,0,0,0,0,0,0,0,5,10,5
"126","Forward","Crystal Palace","0.1",0,31,5,126,"a","Glenn","Murray",54,"0.0","0.0","0.0","1.6",0,0,0,0,0,0,0,0,0,0,0,0,0,0,5
"127","Forward","Crystal Palace","0.6",1,31,5,127,"a","Dwight","Gayle",55,"0.2","0.2","1.0","1.6",6,0,0,0,1,0,0,0,0,0,0,0,0,3,5
"128","Forward","Crystal Palace","0.0",0,31,5,128,"u","Stephen","Dobbie",45,"0.0","0.0","0.0","0.0",0,0,0,0,0,0,0,0,0,0,0,0,0,0,5
"129","Forward","Crystal Palace","0.8",1,31,5,129,"a","Marouane","Chamakh",55,"0.2","0.2","1.0","1.6",90,0,0,0,2,0,0,0,1,0,0,0,3,0,5
"130","Goalkeeper","Everton","24.7",1,11,6,130,"a","Tim","Howard",55,"0.2","0.2","1.0","3.1",90,0,0,0,2,0,0,0,0,0,1,0,6,10,6
"131","Goalkeeper","Everton","0.1",0,11,6,131,"a","Joel","Robles",50,"0.0","0.0","0.0","2.3",0,0,0,0,0,0,0,0,0,0,0,0,0,0,6
"132","Defender","Everton","11.5",1,11,6,132,"a","Phil","Jagielka",55,"0.2","0.2","1.0","2.7",90,0,0,0,2,0,0,0,0,0,0,0,14,18,6
"133","Defender","Everton","0.1",0,11,6,133,"a","Tony","Hibbert",45,"0.0","0.0","0.0","1.7",0,0,0,0,0,0,0,0,0,0,0,0,0,0,6
"134","Defender","Everton","19.4",1,11,6,134,"a","Leighton","Baines",70,"0.1","0.1","1.0","4.0",90,0,0,0,2,0,0,0,0,0,0,0,13,20,6
"135","Defender","Everton","4.3",4,11,6,135,"a","Sylvain","Distin",55,"0.7","0.7","4.0","2.7",90,0,1,0,2,0,0,0,0,0,0,0,20,24,6
"136","Defender","Everton","0.3",0,11,6,136,"a","Shane","Duffy",40,"0.0","0.0","0.0","1.0",0,0,0,0,0,0,0,0,0,0,0,0,0,0,6
"137","Defender","Everton","6.3",1,11,6,137,"a","Seamus","Coleman",70,"0.1","0.1","1.0","4.0",6,0,0,0,1,0,0,0,0,0,0,0,1,4,6
"138","Defender","Everton","0.2",0,11,6,138,"a","Antolin","Alcaraz",45,"0.0","0.0","0.0","1.7",0,0,0,0,0,0,0,0,0,0,0,0,0,0,6
"139","Defender","Everton","2.1",1,11,6,139,"a","John","Stones",55,"0.2","0.2","1.0","2.7",90,0,0,0,2,0,0,0,0,0,0,0,8,18,6
"140","Defender","Everton","0.2",0,11,6,140,"a","Luke","Garbutt",40,"0.0","0.0","0.0","1.0",0,0,0,0,0,0,0,0,0,0,0,0,0,0,6
"141","Defender","Everton","0.2",0,11,6,141,"a","Tyias","Browning",40,"0.0","0.0","0.0","1.0",0,0,0,0,0,0,0,0,0,0,0,0,0,0,6
"142","Defender","Everton","0.0",0,11,6,142,"i","Bryan","Oviedo",50,"0.0","0.0","0.0","0.0",0,0,0,0,0,0,0,0,0,0,0,0,0,0,6
"143","Midfielder","Everton","1.5",0,11,6,143,"a","Leon","Osman",54,"0.0","0.0","0.0","1.9",0,0,0,0,0,0,0,0,0,0,0,0,0,0,6
"144","Midfielder","Everton","0.5",0,11,6,144,"a","Darron","Gibson",45,"0.0","0.0","0.0","1.0",0,0,0,0,0,0,0,0,0,0,0,0,0,0,6
"145","Midfielder","Everton","9.0",0,11,6,145,"i","Ross","Barkley",69,"0.0","0.0","0.0","0.0",0,0,0,0,0,0,0,0,0,0,0,0,0,0,6
"146","Midfielder","Everton","1.2",6,11,6,146,"a","Steven","Pienaar",60,"1.0","1.0","6.0","2.2",80,0,1,0,1,0,0,0,0,0,0,1,12,25,6
"147","Midfielder","Everton","4.3",1,11,6,147,"a","Kevin","Mirallas",75,"0.1","0.1","1.0","2.7",10,0,0,0,1,0,0,0,0,0,0,0,2,2,6
"148","Midfielder","Everton","2.4",2,11,6,148,"a","James","McCarthy",50,"0.4","0.4","2.0","1.5",90,0,0,0,2,0,0,0,0,0,0,0,9,17,6
"149","Midfielder","Everton","1.5",7,11,6,149,"a","Aiden","McGeady",55,"1.3","1.3","7.0","2.0",84,1,0,0,1,0,0,0,0,0,0,0,20,24,6
"150","Midfielder","Everton","0.0",0,11,6,150,"a","Ryan","Ledson",45,"0.0","0.0","0.0","1.0",0,0,0,0,0,0,0,0,0,0,0,0,0,0,6
"151","Midfielder","Everton","3.7",1,11,6,151,"a","Gareth","Barry",50,"0.2","0.2","1.0","1.5",90,0,0,0,2,0,0,0,1,0,0,0,10,13,6
"152","Forward","Everton","7.2",9,11,6,152,"a","Steven","Naismith",50,"1.8","1.8","9.0","1.3",90,1,0,0,2,0,0,0,0,0,0,3,27,36,6
"153","Forward","Everton","0.1",0,11,6,153,"i","Arouna","Koné",55,"0.0","0.0","0.0","0.0",0,0,0,0,0,0,0,0,0,0,0,0,0,0,6
"154","Forward","Everton","0.1",0,11,6,154,"a","Conor","McAleny",45,"0.0","0.0","0.0","1.0",0,0,0,0,0,0,0,0,0,0,0,0,0,0,6
"155","Goalkeeper","Hull","2.5",14,88,7,155,"a","Allan","McGregor",50,"2.8","2.8","14.0","2.3",90,0,0,1,0,0,1,0,0,0,5,2,18,42,7
"156","Goalkeeper","Hull","0.2",0,88,7,156,"a","Steve","Harper",45,"0.0","0.0","0.0","1.6",0,0,0,0,0,0,0,0,0,0,0,0,0,0,7
"157","Defender","Hull","1.1",0,88,7,157,"d","Liam","Rosenior",45,"0.0","0.0","0.0","1.2",0,0,0,0,0,0,0,0,0,0,0,0,0,0,7
"158","Defender","Hull","6.1",15,88,7,158,"a","James","Chester",46,"3.3","3.3","15.0","1.8",90,1,0,1,0,0,0,0,0,0,0,3,43,48,7
"159","Defender","Hull","1.8",1,88,7,159,"a","Paul","McShane",40,"0.2","0.2","1.0","1.0",45,0,0,0,0,0,0,0,0,0,0,0,9,5,7
"160","Defender","Hull","0.0",0,88,7,160,"n","Joe","Dudgeon",40,"0.0","0.0","0.0","0.0",0,0,0,0,0,0,0,0,0,0,0,0,0,0,7
"161","Defender","Hull","19.9",1,88,7,161,"d","Alex","Bruce",40,"0.2","0.2","1.0","0.8",45,0,0,0,0,0,0,0,0,0,0,0,10,7,7
"162","Defender","Hull","1.1",0,88,7,162,"a","Maynor","Figueroa",45,"0.0","0.0","0.0","1.7",0,0,0,0,0,0,0,0,0,0,0,0,0,0,7
"163","Defender","Hull","4.7",5,88,7,163,"a","Curtis","Davies",50,"1.0","1.0","5.0","2.2",90,0,0,1,0,0,0,0,1,0,0,0,16,21,7
"164","Midfielder","Hull","0.3",4,88,7,164,"a","Stephen","Quinn",45,"0.9","0.9","4.0","1.0",51,0,1,0,0,0,0,0,0,0,0,0,15,18,7
"165","Midfielder","Hull","0.4",0,88,7,165,"a","Robbie","Brady",50,"0.0","0.0","0.0","1.5",0,0,0,0,0,0,0,0,0,0,0,0,0,0,7
"166","Midfielder","Hull","0.1",1,88,7,166,"a","David","Meyler",50,"0.2","0.2","1.0","1.5",9,0,0,0,0,0,0,0,0,0,0,0,1,1,7
"167","Midfielder","Hull","1.5",3,88,7,167,"a","Ahmed","Elmohamady",50,"0.6","0.6","3.0","1.5",90,0,0,1,0,0,0,0,0,0,0,0,18,16,7
"168","Midfielder","Hull","1.8",0,88,7,168,"a","George","Boyd",45,"0.0","0.0","0.0","1.0",0,0,0,0,0,0,0,0,0,0,0,0,0,0,7
"169","Midfielder","Hull","2.8",3,88,7,169,"a","Tom","Huddlestone",55,"0.5","0.5","3.0","2.0",90,0,0,1,0,0,0,0,0,0,0,0,15,17,7
"170","Midfielder","Hull","1.3",3,88,7,170,"a","Jake","Livermore",55,"0.5","0.5","3.0","2.0",90,0,0,1,0,0,0,0,0,0,0,0,14,13,7
"171","Midfielder","Hull","0.1",0,88,7,171,"a","Sone","Aluko",50,"0.0","0.0","0.0","1.5",0,0,0,0,0,0,0,0,0,0,0,0,0,0,7
"172","Midfielder","Hull","2.0",3,88,7,172,"a","Thomas","Ince",55,"0.5","0.5","3.0","2.0",81,0,0,1,0,0,0,0,0,0,0,0,34,3,7
"173","Midfielder","Hull","1.6",1,88,7,173,"i","Robert","Snodgrass",59,"0.2","0.2","1.0","0.0",39,0,0,0,0,0,0,0,0,0,0,0,7,4,7
"174","Forward","Hull","2.0",1,88,7,174,"a","Nikica","Jelavic",60,"0.2","0.2","1.0","1.9",90,0,0,1,0,0,0,0,1,0,0,0,4,0,7
"175","Forward","Hull","0.0",0,88,7,175,"u","Nick","Proschwitz",45,"0.0","0.0","0.0","0.0",0,0,0,0,0,0,0,0,0,0,0,0,0,0,7
"176","Forward","Southampton","4.8",1,20,14,176,"a","Shane","Long",60,"0.2","0.2","1.0","1.9",17,0,0,0,1,0,0,0,0,0,0,0,-3,0,14
"177","Forward","Hull","0.0",0,88,7,177,"s","Yannick","Sagbo",50,"0.0","0.0","0.0","0.0",0,0,0,0,0,0,0,0,0,0,0,0,0,0,7
"178","Goalkeeper","Leicester","5.9",1,13,8,178,"a","Kasper","Schmeichel",45,"0.2","0.2","1.0","1.6",90,0,0,0,2,0,0,0,0,0,1,0,7,10,8
"179","Goalkeeper","Leicester","1.5",0,13,8,179,"a","Ben","Hamer",40,"0.0","0.0","0.0","1.0",0,0,0,0,0,0,0,0,0,0,0,0,0,0,8
"180","Defender","Leicester","0.7",1,13,8,180,"a","Wes","Morgan",45,"0.2","0.2","1.0","1.7",90,0,0,0,2,0,0,0,0,0,0,0,5,12,8
"181","Defender","Leicester","1.2",0,13,8,181,"a","Marcin","Wasilewski",40,"0.0","0.0","0.0","1.0",0,0,0,0,0,0,0,0,0,0,0,0,0,0,8
"182","Defender","Leicester","1.7",0,13,8,182,"a","Liam","Moore",40,"0.0","0.0","0.0","1.0",90,0,0,0,2,0,0,0,1,0,0,0,5,7,8
"183","Defender","Leicester","0.5",1,13,8,183,"a","Ritchie","de Laet",45,"0.2","0.2","1.0","1.7",90,0,0,0,2,0,0,0,0,0,0,0,8,12,8
"184","Defender","Leicester","0.1",1,13,8,184,"a","Jeffrey","Schlupp",45,"0.2","0.2","1.0","1.7",27,0,0,0,0,0,0,0,0,0,0,0,0,1,8
"185","Defender","Leicester","0.3",1,13,8,185,"a","Paul","Konchesky",45,"0.2","0.2","1.0","1.7",90,0,0,0,2,0,0,0,0,0,0,0,13,18,8
"186","Defender","Leicester","0.9",0,13,8,186,"i","Matthew","Upson",40,"0.0","0.0","0.0","0.0",0,0,0,0,0,0,0,0,0,0,0,0,0,0,8
"187","Midfielder","Leicester","0.5",1,13,8,187,"i","Daniel","Drinkwater",55,"0.2","0.2","1.0","0.0",38,0,0,0,1,0,0,0,0,0,0,0,3,2,8
"188","Midfielder","Leicester","0.1",1,13,8,188,"a","Dean","Hammond",45,"0.2","0.2","1.0","1.0",52,0,0,0,1,0,0,0,0,0,0,0,8,3,8
"189","Midfielder","Leicester","0.3",0,13,8,189,"i","Matthew","James",45,"0.0","0.0","0.0","0.0",0,0,0,0,0,0,0,0,0,0,0,0,0,0,8
"190","Midfielder","Leicester","0.3",2,13,8,190,"a","Riyad","Mahrez",50,"0.4","0.4","2.0","1.5",90,0,0,0,2,0,0,0,0,0,0,0,11,18,8
"191","Midfielder","Leicester","0.2",2,13,8,191,"a","Anthony","Knockaert",55,"0.4","0.4","2.0","2.0",63,0,0,0,2,0,0,0,0,0,0,0,1,2,8
"192","Midfielder","Leicester","1.3",7,13,8,192,"a","Andy","King",45,"1.6","1.6","7.0","1.0",90,0,1,0,2,0,0,0,0,0,0,2,16,27,8
"193","Midfielder","Leicester","0.4",0,13,8,193,"a","Gary","Taylor-Fletcher",45,"0.0","0.0","0.0","1.0",0,0,0,0,0,0,0,0,0,0,0,0,0,0,8
"194","Midfielder","Leicester","2.3",0,13,8,194,"d","Marc","Albrighton",45,"0.0","0.0","0.0","0.8",0,0,0,0,0,0,0,0,0,0,0,0,0,0,8
"195","Forward","Leicester","1.6",2,13,8,195,"a","David","Nugent",55,"0.4","0.4","2.0","1.6",90,0,0,0,2,0,0,0,0,0,0,0,7,4,8
"196","Forward","Leicester","0.2",0,13,8,196,"d","Jamie","Vardy",50,"0.0","0.0","0.0","1.0",0,0,0,0,0,0,0,0,0,0,0,0,0,0,8
"197","Forward","Leicester","1.3",5,13,8,197,"a","Chris","Wood",45,"1.1","1.1","5.0","1.0",13,1,0,0,0,0,0,0,0,0,0,0,21,24,8
"198","Forward","Leicester","0.2",0,13,8,198,"a","Jack","Barmby",45,"0.0","0.0","0.0","1.0",0,0,0,0,0,0,0,0,0,0,0,0,0,0,8
"199","Goalkeeper","Liverpool","0.0",0,14,9,199,"u","Jose","Reina",55,"0.0","0.0","0.0","0.0",0,0,0,0,0,0,0,0,0,0,0,0,0,0,9
"200","Goalkeeper","Liverpool","6.4",3,14,9,200,"a","Simon","Mignolet",55,"0.5","0.5","3.0","3.1",90,0,0,0,1,0,0,0,0,0,5,0,18,16,9
"201","Defender","Crystal Palace","0.5",0,31,5,201,"a","Martin","Kelly",45,"0.0","0.0","0.0","1.7",90,0,0,0,2,0,0,0,1,0,0,0,4,6,5
"202","Defender","Liverpool","2.3",2,14,9,202,"a","Glen","Johnson",55,"0.4","0.4","2.0","2.7",90,0,0,0,1,0,0,0,0,0,0,0,7,8,9
"203","Defender","Liverpool","12.3",4,14,9,203,"a","Martin","Skrtel",60,"0.7","0.7","4.0","3.1",90,0,0,0,1,0,0,0,0,0,0,2,19,25,9
"204","Defender","Liverpool","0.4",0,14,9,204,"i","Daniel","Agger",55,"0.0","0.0","0.0","0.0",0,0,0,0,0,0,0,0,0,0,0,0,0,0,9
"205","Defender","Liverpool","0.6",0,14,9,205,"a","José","Enrique Sanchez Diaz",49,"0.0","0.0","0.0","2.1",0,0,0,0,0,0,0,0,0,0,0,0,0,0,9
"206","Defender","Liverpool","0.1",0,14,9,206,"a","Sebastian","Coates",45,"0.0","0.0","0.0","1.7",0,0,0,0,0,0,0,0,0,0,0,0,0,0,9
"207","Defender","West Brom","7.6",1,35,19,207,"a","Andre","Wisdom",40,"0.2","0.2","1.0","1.0",90,0,0,0,2,0,0,0,0,0,0,0,8,14,19
"208","Defender","Liverpool","0.0",0,14,9,208,"u","Conor","Coady",40,"0.0","0.0","0.0","0.0",0,0,0,0,0,0,0,0,0,0,0,0,0,0,9
"209","Defender","Liverpool","0.7",0,14,9,209,"a","Kolo","Touré",50,"0.0","0.0","0.0","2.2",0,0,0,0,0,0,0,0,0,0,0,0,0,0,9
"210","Defender","Liverpool","0.7",0,14,9,210,"i","Jon","Flanagan",50,"0.0","0.0","0.0","0.0",0,0,0,0,0,0,0,0,0,0,0,0,0,0,9
"211","Defender","Liverpool","0.9",0,14,9,211,"a","Mamadou","Sakho",55,"0.0","0.0","0.0","2.7",0,0,0,0,0,0,0,0,0,0,0,0,0,0,9
"212","Defender","Liverpool","0.2",0,14,9,212,"u","Tiago","Ilori",40,"0.0","0.0","0.0","0.0",0,0,0,0,0,0,0,0,0,0,0,0,0,0,9
"213","Defender","Liverpool","0.0",0,14,9,213,"u","Brad","Smith",40,"0.0","0.0","0.0","0.0",0,0,0,0,0,0,0,0,0,0,0,0,0,0,9
"214","Midfielder","Liverpool","6.6",2,14,9,214,"a","Steven","Gerrard",90,"0.2","0.2","2.0","3.3",90,0,0,0,1,0,0,0,0,0,0,0,15,16,9
"215","Midfielder","Liverpool","1.3",2,14,9,215,"a","Leiva","Lucas",45,"0.4","0.4","2.0","1.0",62,0,0,0,1,0,0,0,0,0,0,0,18,15,9
"216","Midfielder","Liverpool","16.7",5,14,9,216,"a","Jordan","Henderson",60,"0.8","0.8","5.0","2.2",90,0,1,0,1,0,0,0,0,0,0,0,19,22,9
"217","Midfielder","Liverpool","35.6",13,14,9,217,"a","Raheem","Sterling",86,"1.5","1.5","13.0","3.1",90,1,1,0,1,0,0,0,0,0,0,3,52,43,9
"218","Midfielder","Liverpool","0.2",1,14,9,218,"a","Joe","Allen",50,"0.2","0.2","1.0","1.5",28,0,0,0,0,0,0,0,0,0,0,0,6,2,9
"219","Midfielder","Liverpool","9.4",2,14,9,219,"a","Phillippe","Coutinho",80,"0.2","0.2","2.0","2.9",75,0,0,0,1,0,0,0,0,0,0,0,16,9,9
"220","Midfielder","Liverpool","0.2",0,14,9,220,"a","Jordon","Ibe",45,"0.0","0.0","0.0","1.0",0,0,0,0,0,0,0,0,0,0,0,0,0,0,9
"221","Midfielder","Liverpool","0.1",0,14,9,221,"a","Jesus","Fernandez Saez",50,"0.0","0.0","0.0","1.5",0,0,0,0,0,0,0,0,0,0,0,0,0,0,9
"222","Midfielder","Liverpool","0.0",0,14,9,222,"a","Jordan","Rossiter",45,"0.0","0.0","0.0","1.0",0,0,0,0,0,0,0,0,0,0,0,0,0,0,9
"223","Midfielder","Liverpool","0.0",0,14,9,223,"a","João Carlos","Vilaça Teixeira",45,"0.0","0.0","0.0","1.0",0,0,0,0,0,0,0,0,0,0,0,0,0,0,9
"224","Midfielder","Liverpool","0.1",0,14,9,224,"a","Oussama","Assaidi",50,"0.0","0.0","0.0","1.5",0,0,0,0,0,0,0,0,0,0,0,0,0,0,9
"225","Midfielder","Liverpool","0.6",0,14,9,225,"a","Emre","Can",54,"0.0","0.0","0.0","1.9",0,0,0,0,0,0,0,0,0,0,0,0,0,0,9
"226","Midfielder","Liverpool","0.6",0,14,9,226,"i","Adam","Lallana",85,"0.0","0.0","0.0","0.0",0,0,0,0,0,0,0,0,0,0,0,0,0,0,9
"227","Forward","Liverpool","30.6",6,14,9,227,"a","Daniel","Sturridge",115,"0.5","0.5","6.0","3.7",90,1,0,0,1,0,0,0,0,0,0,0,30,24,9
"228","Forward","Liverpool","0.0",0,14,9,228,"u","Iago","Aspas",60,"0.0","0.0","0.0","1.9",0,0,0,0,0,0,0,0,0,0,0,0,0,0,9
"229","Forward","Liverpool","6.8",1,14,9,229,"a","Rickie","Lambert",75,"0.1","0.1","1.0","2.4",15,0,0,0,0,0,0,0,0,0,0,0,3,3,9
"230","Forward","Liverpool","0.5",0,14,9,230,"a","Fabio","Borini",64,"0.0","0.0","0.0","2.1",0,0,0,0,0,0,0,0,0,0,0,0,0,0,9
"231","Goalkeeper","Man City","6.0",6,43,10,231,"a","Joe","Hart",60,"1.0","1.0","6.0","4.0",90,0,0,1,0,0,0,0,0,0,0,0,13,19,10
"232","Goalkeeper","Man City","0.2",0,43,10,232,"a","Willy","Caballero",55,"0.0","0.0","0.0","3.1",0,0,0,0,0,0,0,0,0,0,0,0,0,0,10
"233","Defender","Man City","8.2",5,43,10,233,"a","Aleksandar","Kolarov",60,"0.8","0.8","5.0","3.1",90,0,0,1,0,0,0,0,1,0,0,0,17,23,10
"234","Defender","Man City","0.2",0,43,10,234,"a","Micah","Richards",50,"0.0","0.0","0.0","2.2",0,0,0,0,0,0,0,0,0,0,0,0,0,0,10
"235","Defender","Man City","6.3",0,43,10,235,"d","Pablo","Zabaleta",65,"0.0","0.0","0.0","2.7",0,0,0,0,0,0,0,0,0,0,0,0,0,0,10
"236","Defender","Man City","12.3",5,43,10,236,"a","Vincent","Kompany",65,"0.8","0.8","5.0","3.6",90,0,0,1,0,0,0,0,1,0,0,0,12,25,10
"237","Defender","Man City","4.4",9,43,10,237,"a","Gael","Clichy",55,"1.6","1.6","9.0","2.7",90,0,0,1,0,0,0,0,0,0,0,3,18,35,10
"238","Defender","Man City","0.0",0,43,10,238,"u","Karim","Rekik",45,"0.0","0.0","0.0","0.0",0,0,0,0,0,0,0,0,0,0,0,0,0,0,10
"239","Defender","Man City","0.6",0,43,10,239,"a","Matija","Nastasic",54,"0.0","0.0","0.0","2.6",0,0,0,0,0,0,0,0,0,0,0,0,0,0,10
"240","Defender","Man City","0.1",0,43,10,240,"a","Dedryck","Boyata",45,"0.0","0.0","0.0","1.7",0,0,0,0,0,0,0,0,0,0,0,0,0,0,10
"241","Defender","Man City","1.4",5,43,10,241,"a","Martín","Demichelis",60,"0.8","0.8","5.0","3.1",90,0,0,1,0,0,0,0,1,0,0,0,14,25,10
"242","Defender","Man City","3.2",0,43,10,242,"d","Bacary","Sagna",55,"0.0","0.0","0.0","2.0",0,0,0,0,0,0,0,0,0,0,0,0,0,0,10
"243","Midfielder","Sunderland","2.7",2,56,17,243,"a","Jack","Rodwell",50,"0.4","0.4","2.0","1.5",67,0,0,0,1,0,0,0,0,0,0,0,6,7,17
"244","Midfielder","Man City","6.1",3,43,10,244,"a","Samir","Nasri",85,"0.4","0.4","3.0","3.1",77,0,0,1,0,0,0,0,0,0,0,0,21,17,10
"245","Midfielder","Man City","11.2",9,43,10,245,"a","David","Silva",90,"1.0","1.0","9.0","3.3",90,1,0,1,0,0,0,0,1,0,0,2,40,32,10
"246","Midfielder","Man City","19.0",3,43,10,246,"a","Gnegneri Yaya","Touré",110,"0.3","0.3","3.0","4.0",90,0,0,1,0,0,0,0,0,0,0,0,14,14,10
"247","Midfielder","Man City","0.5",1,43,10,247,"a","James","Milner",55,"0.2","0.2","1.0","2.0",13,0,0,0,0,0,0,0,0,0,0,0,3,5,10
"248","Midfielder","Man City","0.3",0,43,10,248,"u","Francisco Javier","García Fernández",45,"0.0","0.0","0.0","0.0",0,0,0,0,0,0,0,0,0,0,0,0,0,0,10
"249","Midfielder","Man City","1.6",0,43,10,249,"a","Jesús","Navas",74,"0.0","0.0","0.0","2.7",0,0,0,0,0,0,0,0,0,0,0,0,0,0,10
"250","Midfielder","Man City","1.3",1,43,10,250,"a","Fernando","Luiz Rosa",70,"0.1","0.1","1.0","2.5",18,0,0,0,0,0,0,0,0,0,0,0,3,4,10
"251","Midfielder","Man City","0.0",0,43,10,251,"a","Scott","Sinclair",55,"0.0","0.0","0.0","2.0",0,0,0,0,0,0,0,0,0,0,0,0,0,0,10
"252","Midfielder","Man City","1.1",2,43,10,252,"a","Fernando","Reges",50,"0.4","0.4","2.0","1.5",90,0,0,1,0,0,0,0,1,0,0,0,18,16,10
"253","Forward","Man City","13.6",5,43,10,253,"a","Edin","Dzeko",85,"0.6","0.6","5.0","2.7",82,0,1,1,0,0,0,0,0,0,0,0,22,16,10
"254","Forward","Man City","4.9",6,43,10,254,"a","Sergio","Agüero",120,"0.5","0.5","6.0","3.8",8,1,0,0,0,0,0,0,0,0,0,1,27,26,10
"255","Forward","Man City","0.1",0,43,10,255,"i","Álvaro","Negredo",90,"0.0","0.0","0.0","0.0",0,0,0,0,0,0,0,0,0,0,0,0,0,0,10
"256","Forward","Man City","5.3",2,43,10,256,"a","Stevan","Jovetic",80,"0.2","0.2","2.0","2.6",72,0,0,1,0,0,0,0,0,0,0,0,7,14,10
"257","Goalkeeper","Man Utd","18.1",1,1,11,257,"a","David","De Gea",55,"0.2","0.2","1.0","3.1",90,0,0,0,2,0,0,0,0,0,2,0,4,10,11
"258","Goalkeeper","Man Utd","0.1",0,1,11,258,"a","Anders","Lindegaard",50,"0.0","0.0","0.0","2.3",0,0,0,0,0,0,0,0,0,0,0,0,0,0,11
"259","Defender","Man Utd","1.9",1,1,11,259,"a","Chris","Smalling",55,"0.2","0.2","1.0","2.7",90,0,0,0,2,0,0,0,0,0,0,0,4,17,11
"260","Defender","Man Utd","8.1",4,1,11,260,"a","Phil","Jones",55,"0.7","0.7","4.0","2.7",90,0,1,0,2,0,0,0,0,0,0,0,13,28,11
"261","Defender","Man Utd","0.9",0,1,11,261,"a","Rafael","Da Silva",55,"0.0","0.0","0.0","2.7",0,0,0,0,0,0,0,0,0,0,0,0,0,0,11
"262","Defender","Man Utd","0.1",0,1,11,262,"u","Patrice","Evra",55,"0.0","0.0","0.0","0.0",0,0,0,0,0,0,0,0,0,0,0,0,0,0,11
"263","Defender","Man Utd","0.4",0,1,11,263,"d","Jonny","Evans",55,"0.0","0.0","0.0","2.0",0,0,0,0,0,0,0,0,0,0,0,0,0,0,11
"264","Defender","Man Utd","0.1",0,1,11,264,"a","Guillermo","Varela",45,"0.0","0.0","0.0","1.7",0,0,0,0,0,0,0,0,0,0,0,0,0,0,11
"265","Defender","Man Utd","0.1",0,1,11,265,"a","Michael","Keane",45,"0.0","0.0","0.0","1.7",0,0,0,0,0,0,0,0,0,0,0,0,0,0,11
"266","Defender","Man Utd","5.8",0,1,11,266,"i","Luke","Shaw",60,"0.0","0.0","0.0","0.0",0,0,0,0,0,0,0,0,0,0,0,0,0,0,11
"267","Midfielder","Man Utd","20.3",2,1,11,267,"a","Juan","Mata",90,"0.2","0.2","2.0","3.3",90,0,0,0,2,0,0,0,0,0,0,0,11,12,11
"268","Midfielder","Man Utd","0.5",1,1,11,268,"d","Marouane","Fellaini",65,"0.2","0.2","1.0","1.2",24,0,0,0,1,0,0,0,0,0,0,0,2,5,11
"269","Midfielder","Man Utd","0.3",0,1,11,269,"d","Antonio","Valencia",59,"0.0","0.0","0.0","1.6",0,0,0,0,0,0,0,0,0,0,0,0,0,0,11
"270","Midfielder","Man Utd","1.4",1,1,11,270,"u","Luis","Nani",70,"0.1","0.1","1.0","0.0",45,0,0,0,1,0,0,0,0,0,0,0,5,3,11
"271","Midfielder","Man Utd","0.0",0,1,11,271,"a","Oliveira","Anderson",50,"0.0","0.0","0.0","1.5",0,0,0,0,0,0,0,0,0,0,0,0,0,0,11
"272","Midfielder","Man Utd","0.0",0,1,11,272,"i","Michael","Carrick",55,"0.0","0.0","0.0","0.0",0,0,0,0,0,0,0,0,0,0,0,0,0,0,11
"273","Midfielder","Man Utd","1.1",2,1,11,273,"a","Darren","Fletcher",50,"0.4","0.4","2.0","1.5",90,0,0,0,2,0,0,0,0,0,0,0,6,18,11
"274","Midfielder","Man Utd","0.2",0,1,11,274,"a","Tom","Cleverley",55,"0.0","0.0","0.0","2.0",0,0,0,0,0,0,0,0,0,0,0,0,0,0,11
"275","Midfielder","Man Utd","6.6",1,1,11,275,"a","Ashley","Young",55,"0.2","0.2","1.0","2.0",90,0,0,0,2,0,0,0,1,0,0,0,11,15,11
"276","Midfielder","Man Utd","0.0",0,1,11,276,"a","Nick","Powell",50,"0.0","0.0","0.0","1.5",0,0,0,0,0,0,0,0,0,0,0,0,0,0,11
"277","Midfielder","Man Utd","0.4",0,1,11,277,"a","Shinji","Kagawa",64,"0.0","0.0","0.0","2.3",0,0,0,0,0,0,0,0,0,0,0,0,0,0,11
"278","Midfielder","Man Utd","0.3",1,1,11,278,"d","Jesse","Lingard",45,"0.2","0.2","1.0","0.8",23,0,0,0,0,0,0,0,0,0,0,0,2,3,11
"279","Midfielder","Man Utd","3.1",2,1,11,279,"a","Adnan","Januzaj",65,"0.3","0.3","2.0","2.4",67,0,0,0,2,0,0,0,0,0,0,0,-3,2,11
"280","Midfielder","Man Utd","0.1",0,1,11,280,"a","Wilfried","Zaha",55,"0.0","0.0","0.0","2.0",0,0,0,0,0,0,0,0,0,0,0,0,0,0,11
"281","Midfielder","Man Utd","9.6",2,1,11,281,"a","Ander","Herrera",75,"0.3","0.3","2.0","2.7",66,0,0,0,1,0,0,0,0,0,0,0,4,12,11
"282","Forward","Man Utd","2.6",0,1,11,282,"d","Robin","van Persie",125,"0.0","0.0","0.0","3.0",0,0,0,0,0,0,0,0,0,0,0,0,0,0,11
"283","Forward","Man Utd","1.0",1,1,11,283,"a","Javier","Hernández",60,"0.2","0.2","1.0","1.9",45,0,0,0,1,0,0,0,0,0,0,0,3,2,11
"284","Forward","Man Utd","48.2",7,1,11,284,"a","Wayne","Rooney",105,"0.7","0.7","7.0","3.4",90,1,0,0,2,0,0,0,0,0,0,1,29,30,11
"285","Forward","Man Utd","1.6",0,1,11,285,"i","Danny","Welbeck",70,"0.0","0.0","0.0","0.0",0,0,0,0,0,0,0,0,0,0,0,0,0,0,11
"286","Forward","Man Utd","0.5",0,1,11,286,"a","James","Wilson",45,"0.0","0.0","0.0","1.0",0,0,0,0,0,0,0,0,0,0,0,0,0,0,11
"287","Forward","Man Utd","0.1",0,1,11,287,"a","Tom","Lawrence",45,"0.0","0.0","0.0","1.0",0,0,0,0,0,0,0,0,0,0,0,0,0,0,11
"288","Goalkeeper","Newcastle","20.6",2,4,12,288,"a","Tim","Krul",45,"0.4","0.4","2.0","1.6",90,0,0,0,2,0,0,0,0,0,3,0,5,11,12
"289","Goalkeeper","Newcastle","3.1",0,4,12,289,"a","Rob","Elliot",40,"0.0","0.0","0.0","1.0",0,0,0,0,0,0,0,0,0,0,0,0,0,0,12
"290","Defender","Newcastle","0.8",1,4,12,290,"a","Mike","Williamson",45,"0.2","0.2","1.0","1.7",90,0,0,0,2,0,0,0,0,0,0,0,10,17,12
"291","Defender","Newcastle","4.1",0,4,12,291,"a","Steven","Taylor",40,"0.0","0.0","0.0","1.0",0,0,0,0,0,0,0,0,0,0,0,0,0,0,12
"292","Defender","Newcastle","3.8",1,4,12,292,"a","Fabricio","Coloccini",45,"0.2","0.2","1.0","1.7",90,0,0,0,2,0,0,0,0,0,0,0,7,19,12
"293","Defender","Newcastle","0.0",0,4,12,293,"i","Ryan","Taylor",45,"0.0","0.0","0.0","0.0",0,0,0,0,0,0,0,0,0,0,0,0,0,0,12
"294","Defender","Newcastle","0.2",0,4,12,294,"i","Davide","Santon",45,"0.0","0.0","0.0","0.0",0,0,0,0,0,0,0,0,0,0,0,0,0,0,12
"295","Defender","Arsenal","24.5",5,3,1,295,"a","Mathieu","Debuchy",55,"0.9","0.9","5.0","2.7",90,0,1,0,1,0,0,0,0,0,0,0,26,19,1
"296","Defender","Newcastle","0.3",0,4,12,296,"d","Mapou","Yanga-Mbiwa",45,"0.0","0.0","0.0","1.2",0,0,0,0,0,0,0,0,0,0,0,0,0,0,12
"297","Defender","Newcastle","0.1",0,4,12,297,"a","Massadio","Haidara",45,"0.0","0.0","0.0","1.7",0,0,0,0,0,0,0,0,0,0,0,0,0,0,12
"298","Defender","Newcastle","6.1",1,4,12,298,"a","Paul","Dummett",40,"0.2","0.2","1.0","1.0",90,0,0,0,2,0,0,0,0,0,0,0,0,16,12
"299","Defender","Newcastle","0.2",0,4,12,299,"a","Lubomir","Satka",40,"0.0","0.0","0.0","1.0",0,0,0,0,0,0,0,0,0,0,0,0,0,0,12
"300","Midfielder","Newcastle","0.2",1,4,12,300,"a","Gabriel","Obertan",45,"0.2","0.2","1.0","1.0",28,0,0,0,1,0,0,0,0,0,0,0,4,5,12
"301","Midfielder","Newcastle","2.6",0,4,12,301,"i","Cheick","Tiote",45,"0.0","0.0","0.0","0.0",0,0,0,0,0,0,0,0,0,0,0,0,0,0,12
"302","Midfielder","Newcastle","1.1",0,4,12,302,"a","Hatem","Ben Arfa",60,"0.0","0.0","0.0","2.2",0,0,0,0,0,0,0,0,0,0,0,0,0,0,12
"303","Midfielder","Newcastle","0.1",0,4,12,303,"a","Shane","Ferguson",45,"0.0","0.0","0.0","1.0",0,0,0,0,0,0,0,0,0,0,0,0,0,0,12
"304","Midfielder","Newcastle","0.0",0,4,12,304,"a","Mehdi","Abeid",45,"0.0","0.0","0.0","1.0",0,0,0,0,0,0,0,0,0,0,0,0,0,0,12
"305","Midfielder","Newcastle","0.0",0,4,12,305,"u","Sylvain","Marveaux",45,"0.0","0.0","0.0","0.0",0,0,0,0,0,0,0,0,0,0,0,0,0,0,12
"306","Midfielder","Newcastle","0.0",0,4,12,306,"a","Gael","Bigirimana",45,"0.0","0.0","0.0","1.0",0,0,0,0,0,0,0,0,0,0,0,0,0,0,12
"307","Midfielder","Newcastle","0.1",2,4,12,307,"a","Vurnon","Anita",50,"0.4","0.4","2.0","1.5",62,0,0,0,1,0,0,0,0,0,0,0,3,8,12
"308","Midfielder","Newcastle","2.6",2,4,12,308,"a","Moussa","Sissoko",60,"0.3","0.3","2.0","2.2",90,0,0,0,2,0,0,0,0,0,0,0,0,12,12
"309","Midfielder","Newcastle","0.6",2,4,12,309,"a","Jack","Colback",50,"0.4","0.4","2.0","1.5",90,0,0,0,2,0,0,0,0,0,0,0,8,17,12
"310","Midfielder","Newcastle","0.4",0,4,12,310,"a","Jonás","Gutiérrez",45,"0.0","0.0","0.0","1.0",0,0,0,0,0,0,0,0,0,0,0,0,0,0,12
"311","Midfielder","Newcastle","1.2",2,4,12,311,"a","Yoan","Gouffran",65,"0.3","0.3","2.0","2.4",73,0,0,0,1,0,0,0,0,0,0,0,3,17,12
"312","Midfielder","Newcastle","0.2",0,4,12,312,"a","Sammy","Ameobi",45,"0.0","0.0","0.0","1.0",0,0,0,0,0,0,0,0,0,0,0,0,0,0,12
"313","Midfielder","Newcastle","1.1",0,4,12,313,"a","Siem","de Jong",70,"0.0","0.0","0.0","2.5",0,0,0,0,0,0,0,0,0,0,0,0,0,0,12
"314","Forward","Newcastle","0.0",0,4,12,314,"i","Papiss Demba","Cissé",60,"0.0","0.0","0.0","0.0",0,0,0,0,0,0,0,0,0,0,0,0,0,0,12
"315","Forward","Newcastle","0.2",0,4,12,315,"n","Adam","Campbell",45,"0.0","0.0","0.0","0.0",0,0,0,0,0,0,0,0,0,0,0,0,0,0,12
"316","Forward","Newcastle","0.2",0,4,12,316,"a","Adam","Armstrong",45,"0.0","0.0","0.0","1.0",0,0,0,0,0,0,0,0,0,0,0,0,0,0,12
"317","Forward","Newcastle","0.1",1,4,12,317,"a","Ayoze","Pérez",50,"0.2","0.2","1.0","1.3",8,0,0,0,1,0,0,0,0,0,0,0,1,3,12
"318","Goalkeeper","QPR","2.0",3,52,13,318,"a","Rob","Green",45,"0.7","0.7","3.0","1.6",90,0,0,0,1,0,0,0,0,0,3,0,6,12,13
"319","Goalkeeper","QPR","2.1",0,52,13,319,"a","Brian","Murphy",40,"0.0","0.0","0.0","1.0",0,0,0,0,0,0,0,0,0,0,0,0,0,0,13
"320","Defender","QPR","0.4",1,52,13,320,"a","Richard","Dunne",45,"0.2","0.2","1.0","1.7",77,0,0,0,1,0,0,0,1,0,0,0,6,6,13
"321","Defender","QPR","0.1",0,52,13,321,"a","Clint","Hill",45,"0.0","0.0","0.0","1.7",0,0,0,0,0,0,0,0,0,0,0,0,0,0,13
"322","Defender","QPR","0.2",0,52,13,322,"a","Nedum","Onuoha",45,"0.0","0.0","0.0","1.7",0,0,0,0,0,0,0,0,0,0,0,0,0,0,13
"323","Defender","QPR","0.4",0,52,13,323,"a","Yun","Suk-Young",40,"0.0","0.0","0.0","1.0",0,0,0,0,0,0,0,0,0,0,0,0,0,0,13
"324","Defender","QPR","0.3",2,52,13,324,"a","Danny","Simpson",45,"0.4","0.4","2.0","1.7",67,0,0,0,1,0,0,0,0,0,0,0,3,7,13
"325","Midfielder","QPR","0.6",2,52,13,325,"a","Armand","Traore",45,"0.4","0.4","2.0","1.0",90,0,0,0,1,0,0,0,0,0,0,0,10,18,13
"326","Midfielder","QPR","0.3",2,52,13,326,"a","Alejandro","Faurlin",45,"0.4","0.4","2.0","1.0",68,0,0,0,1,0,0,0,0,0,0,0,6,12,13
"327","Midfielder","QPR","0.1",0,52,13,327,"a","Karl","Henry",45,"0.0","0.0","0.0","1.0",0,0,0,0,0,0,0,0,0,0,0,0,0,0,13
"328","Midfielder","QPR","0.6",2,52,13,328,"a","Joey","Barton",50,"0.4","0.4","2.0","1.5",90,0,0,0,1,0,0,0,0,0,0,0,4,18,13
"329","Midfielder","QPR","0.4",0,52,13,329,"a","Jermaine","Jenas",45,"0.0","0.0","0.0","1.0",0,0,0,0,0,0,0,0,0,0,0,0,0,0,13
"330","Midfielder","QPR","0.1",0,52,13,330,"a","Gary","O'Neil",45,"0.0","0.0","0.0","1.0",0,0,0,0,0,0,0,0,0,0,0,0,0,0,13
"331","Midfielder","QPR","0.6",1,52,13,331,"a","David","Hoilett",50,"0.2","0.2","1.0","1.5",22,0,0,0,0,0,0,0,0,0,0,0,2,5,13
"332","Midfielder","QPR","0.3",0,52,13,332,"a","Shaun","Wright-Phillips",50,"0.0","0.0","0.0","1.5",0,0,0,0,0,0,0,0,0,0,0,0,0,0,13
"333","Midfielder","QPR","0.1",1,52,13,333,"a","Matt","Phillips",50,"0.2","0.2","1.0","1.5",23,0,0,0,0,0,0,0,0,0,0,0,3,4,13
"334","Midfielder","QPR","0.3",0,52,13,334,"i","Adel","Taarabt",55,"0.0","0.0","0.0","0.0",0,0,0,0,0,0,0,0,0,0,0,0,0,0,13
"335","Forward","QPR","6.2",2,52,13,335,"a","Loïc","Remy",75,"0.3","0.3","2.0","2.4",90,0,0,0,1,0,0,0,0,0,0,0,18,7,13
"336","Forward","QPR","4.5",1,52,13,336,"a","Bobby","Zamora",45,"0.2","0.2","1.0","1.0",13,0,0,0,0,0,0,0,0,0,0,0,1,3,13
"337","Forward","QPR","1.3",0,52,13,337,"a","Charlie","Austin",60,"0.0","0.0","0.0","1.9",90,0,0,0,1,0,0,1,0,0,0,0,12,-3,13
"338","Goalkeeper","Southampton","0.1",0,20,14,338,"a","Paulo","Gazzaniga",45,"0.0","0.0","0.0","1.6",0,0,0,0,0,0,0,0,0,0,0,0,0,0,14
"339","Goalkeeper","Southampton","0.6",0,20,14,339,"a","Artur","Boruc",50,"0.0","0.0","0.0","2.3",0,0,0,0,0,0,0,0,0,0,0,0,0,0,14
"340","Defender","Southampton","0.6",0,20,14,340,"a","Jos","Hooiveld",40,"0.0","0.0","0.0","1.0",0,0,0,0,0,0,0,0,0,0,0,0,0,0,14
"341","Defender","Southampton","9.0",1,20,14,341,"a","Jose","Fonte",55,"0.2","0.2","1.0","2.7",90,0,0,0,2,0,0,0,0,0,0,0,4,13,14
"342","Defender","Southampton","4.5",9,20,14,342,"a","Nathaniel","Clyne",50,"1.8","1.8","9.0","2.2",90,1,0,0,2,0,0,0,0,0,0,2,26,25,14
"343","Defender","Southampton","0.4",1,20,14,343,"a","Maya","Yoshida",45,"0.2","0.2","1.0","1.7",90,0,0,0,2,0,0,0,0,0,0,0,7,15,14
"344","Defender","Liverpool","33.8",2,14,9,344,"a","Dejan","Lovren",55,"0.4","0.4","2.0","2.7",90,0,0,0,1,0,0,0,0,0,0,0,16,22,9
"345","Defender","Arsenal","8.6",1,3,1,345,"a","Calum","Chambers",45,"0.2","0.2","1.0","1.7",90,0,0,0,1,0,0,0,1,0,0,0,14,18,1
"346","Defender","Southampton","0.2",0,20,14,346,"a","Jack","Stephens",40,"0.0","0.0","0.0","1.0",0,0,0,0,0,0,0,0,0,0,0,0,0,0,14
"347","Defender","Southampton","0.4",0,20,14,347,"a","Matt","Targett",40,"0.0","0.0","0.0","1.0",0,0,0,0,0,0,0,0,0,0,0,0,0,0,14
"348","Midfielder","Southampton","0.9",0,20,14,348,"a","Jack","Cork",45,"0.0","0.0","0.0","1.0",0,0,0,0,0,0,0,0,0,0,0,0,0,0,14
"349","Midfielder","Southampton","2.2",1,20,14,349,"a","Morgan","Schneiderlin",55,"0.2","0.2","1.0","2.0",90,0,0,0,2,0,0,0,1,0,0,0,23,12,14
"350","Midfielder","Southampton","4.9",1,20,14,350,"a","Steven","Davis",50,"0.2","0.2","1.0","1.5",81,0,0,0,2,0,0,0,1,0,0,0,5,7,14
"351","Midfielder","Southampton","2.0",2,20,14,351,"a","James","Ward-Prowse",50,"0.4","0.4","2.0","1.5",90,0,0,0,2,0,0,0,0,0,0,0,18,15,14
"352","Midfielder","Southampton","0.3",0,20,14,352,"i","Gastón","Ramírez",55,"0.0","0.0","0.0","0.0",0,0,0,0,0,0,0,0,0,0,0,0,0,0,14
"353","Midfielder","Southampton","2.7",2,20,14,353,"a","Victor","Wanyama",45,"0.4","0.4","2.0","1.0",90,0,0,0,2,0,0,0,0,0,0,0,2,18,14
"354","Midfielder","Southampton","0.2",1,20,14,354,"a","Lloyd","Isgrove",45,"0.2","0.2","1.0","1.0",9,0,0,0,0,0,0,0,0,0,0,0,1,3,14
"355","Midfielder","Southampton","0.1",0,20,14,355,"a","Harrison","Reed",45,"0.0","0.0","0.0","1.0",0,0,0,0,0,0,0,0,0,0,0,0,0,0,14
"356","Midfielder","Southampton","2.3",5,20,14,356,"a","Dusan","Tadic",75,"0.7","0.7","5.0","2.7",73,0,1,0,1,0,0,0,0,0,0,0,12,13,14
"357","Forward","Southampton","0.1",0,20,14,357,"u","Billy","Sharp",45,"0.0","0.0","0.0","0.0",0,0,0,0,0,0,0,0,0,0,0,0,0,0,14
"358","Forward","Southampton","0.2",0,20,14,358,"i","Jay","Rodriguez",75,"0.0","0.0","0.0","0.0",0,0,0,0,0,0,0,0,0,0,0,0,0,0,14
"359","Forward","Southampton","0.1",0,20,14,359,"a","Emmanuel","Mayuka",50,"0.0","0.0","0.0","1.3",0,0,0,0,0,0,0,0,0,0,0,0,0,0,14
"360","Forward","Southampton","0.0",0,20,14,360,"u","Pablo","Osvaldo",70,"0.0","0.0","0.0","0.0",0,0,0,0,0,0,0,0,0,0,0,0,0,0,14
"361","Forward","Southampton","0.1",0,20,14,361,"a","Sam","Gallagher",50,"0.0","0.0","0.0","1.3",0,0,0,0,0,0,0,0,0,0,0,0,0,0,14
"362","Forward","Southampton","2.4",2,20,14,362,"a","Graziano","Pellè",75,"0.3","0.3","2.0","2.4",90,0,0,0,2,0,0,0,0,0,0,0,-1,5,14
"363","Goalkeeper","Spurs","0.2",0,6,15,363,"a","Brad","Friedel",50,"0.0","0.0","0.0","2.3",0,0,0,0,0,0,0,0,0,0,0,0,0,0,15
"364","Goalkeeper","Spurs","8.2",7,6,15,364,"a","Hugo","Lloris",55,"1.3","1.3","7.0","3.1",90,0,0,1,0,0,0,0,0,0,4,0,18,24,15
"365","Defender","Spurs","4.5",0,6,15,365,"a","Michael","Dawson",49,"0.0","0.0","0.0","2.1",0,0,0,0,0,0,0,0,0,0,0,0,0,0,15
"366","Defender","Spurs","1.4",6,6,15,366,"a","Danny","Rose",50,"1.2","1.2","6.0","2.2",90,0,0,1,0,0,0,0,0,0,0,0,18,18,15
"367","Defender","Spurs","0.5",0,6,15,367,"a","Benoit","Assou-Ekotto",45,"0.0","0.0","0.0","1.7",0,0,0,0,0,0,0,0,0,0,0,0,0,0,15
"368","Defender","Spurs","1.5",7,6,15,368,"a","Younes","Kaboul",50,"1.4","1.4","7.0","2.2",90,0,0,1,0,0,0,0,0,0,0,1,18,25,15
"369","Defender","Spurs","1.2",0,6,15,369,"d","Kyle","Walker",60,"0.0","0.0","0.0","1.6",0,0,0,0,0,0,0,0,0,0,0,0,0,0,15
"370","Defender","Spurs","0.3",-2,6,15,370,"s","Kyle","Naughton",45,"-0.4","-0.4","-2.0","0.0",28,0,0,0,0,0,0,0,0,1,0,0,2,-7,15
"371","Defender","Spurs","2.3",0,6,15,371,"a","Jan","Vertonghen",60,"0.0","0.0","0.0","3.1",0,0,0,0,0,0,0,0,0,0,0,0,0,0,15
"372","Defender","Spurs","0.2",0,6,15,372,"a","Vlad","Chiriches",49,"0.0","0.0","0.0","2.1",0,0,0,0,0,0,0,0,0,0,0,0,0,0,15
"373","Defender","Spurs","0.0",0,6,15,373,"a","Ezekiel","Fryers",45,"0.0","0.0","0.0","1.7",0,0,0,0,0,0,0,0,0,0,0,0,0,0,15
"374","Defender","Spurs","0.3",0,6,15,374,"a","Milos","Veljkovic",40,"0.0","0.0","0.0","1.0",0,0,0,0,0,0,0,0,0,0,0,0,0,0,15
"375","Defender","Spurs","0.2",0,6,15,375,"a","Ryan","Fredericks",40,"0.0","0.0","0.0","1.0",0,0,0,0,0,0,0,0,0,0,0,0,0,0,15
"376","Midfielder","Spurs","0.5",0,6,15,376,"a","Mousa","Dembélé",55,"0.0","0.0","0.0","2.0",0,0,0,0,0,0,0,0,0,0,0,0,0,0,15
"377","Midfielder","Spurs","0.2",0,6,15,377,"a","Raniere","Sandro",50,"0.0","0.0","0.0","1.5",0,0,0,0,0,0,0,0,0,0,0,0,0,0,15
"378","Midfielder","Spurs","1.3",3,6,15,378,"a","Aaron","Lennon",65,"0.5","0.5","3.0","2.4",60,0,0,1,0,0,0,0,0,0,0,0,6,4,15
"379","Midfielder","Spurs","0.0",0,6,15,379,"u","Iago","Falque",45,"0.0","0.0","0.0","0.0",0,0,0,0,0,0,0,0,0,0,0,0,0,0,15
"380","Midfielder","Spurs","0.2",0,6,15,380,"a","Tom","Carroll",45,"0.0","0.0","0.0","1.0",0,0,0,0,0,0,0,0,0,0,0,0,0,0,15
"381","Midfielder","Swansea","17.5",13,80,18,381,"a","Gylfi","Sigurdsson",62,"2.1","2.1","13.0","2.3",90,1,1,0,1,0,0,0,0,0,0,3,48,38,18
"382","Midfielder","Spurs","2.2",0,6,15,382,"a","José Paulo","Bezerra Maciel Júnior",70,"0.0","0.0","0.0","2.5",0,0,0,0,0,0,0,0,0,0,0,0,0,0,15
"383","Midfielder","Spurs","0.9",1,6,15,383,"a","Andros","Townsend",65,"0.2","0.2","1.0","2.4",30,0,0,0,0,0,0,0,0,0,0,0,12,5,15
"384","Midfielder","Spurs","0.1",0,6,15,384,"a","Nacer","Chadli",60,"0.0","0.0","0.0","2.2",0,0,0,0,0,0,0,0,0,0,0,0,0,0,15
"385","Midfielder","Spurs","0.1",3,6,15,385,"a","Etienne","Capoue",50,"0.6","0.6","3.0","1.5",90,0,0,1,0,0,0,0,0,0,0,0,16,16,15
"386","Midfielder","Spurs","2.7",3,6,15,386,"a","Erik","Lamela",80,"0.4","0.4","3.0","2.9",60,0,0,1,0,0,0,0,0,0,0,0,15,8,15
"387","Midfielder","Spurs","13.0",3,6,15,387,"a","Christian","Eriksen",80,"0.4","0.4","3.0","2.9",90,0,0,1,0,0,0,0,0,0,0,0,22,11,15
"388","Midfielder","Spurs","1.4",3,6,15,388,"a","Nabil","Bentaleb",45,"0.7","0.7","3.0","1.0",90,0,0,1,0,0,0,0,0,0,0,0,24,15,15
"389","Midfielder","Spurs","0.1",0,6,15,389,"a","Harry","Winks",45,"0.0","0.0","0.0","1.0",0,0,0,0,0,0,0,0,0,0,0,0,0,0,15
"390","Midfielder","Spurs","0.0",0,6,15,390,"u","Alex","Pritchard",45,"0.0","0.0","0.0","0.0",0,0,0,0,0,0,0,0,0,0,0,0,0,0,15
"391","Midfielder","Spurs","0.4",1,6,15,391,"a","Lewis","Holtby",60,"0.2","0.2","1.0","2.2",30,0,0,0,0,0,0,0,0,0,0,0,6,2,15
"392","Forward","Spurs","3.2",2,6,15,392,"a","Emmanuel","Adebayor",85,"0.2","0.2","2.0","2.7",82,0,0,1,0,0,0,0,0,0,0,0,14,3,15
"393","Forward","Spurs","0.8",4,6,15,393,"a","Harry","Kane",50,"0.8","0.8","4.0","1.3",8,0,1,0,0,0,0,0,0,0,0,0,8,16,15
"394","Forward","Spurs","2.1",0,6,15,394,"a","Roberto","Soldado",79,"0.0","0.0","0.0","2.6",0,0,0,0,0,0,0,0,0,0,0,0,0,0,15
"395","Goalkeeper","Stoke","10.0",2,110,16,395,"a","Asmir","Begovic",50,"0.4","0.4","2.0","2.3",90,0,0,0,1,0,0,0,0,0,1,0,3,9,16
"396","Goalkeeper","Stoke","0.4",0,110,16,396,"a","Thomas","Sørensen",45,"0.0","0.0","0.0","1.6",0,0,0,0,0,0,0,0,0,0,0,0,0,0,16
"397","Defender","Stoke","0.6",0,110,16,397,"a","Andy","Wilkinson",40,"0.0","0.0","0.0","1.0",0,0,0,0,0,0,0,0,0,0,0,0,0,0,16
"398","Defender","Stoke","6.4",2,110,16,398,"a","Ryan","Shawcross",55,"0.4","0.4","2.0","2.7",90,0,0,0,1,0,0,0,0,0,0,0,5,21,16
"399","Defender","Stoke","0.7",0,110,16,399,"a","Robert","Huth",50,"0.0","0.0","0.0","2.2",0,0,0,0,0,0,0,0,0,0,0,0,0,0,16
"400","Defender","Stoke","0.5",2,110,16,400,"a","Marc","Wilson",45,"0.4","0.4","2.0","1.7",90,0,0,0,1,0,0,0,0,0,0,0,5,15,16
"401","Defender","Stoke","13.2",0,110,16,401,"a","Geoff","Cameron",45,"0.0","0.0","0.0","1.7",0,0,0,0,0,0,0,0,0,0,0,0,0,0,16
"402","Defender","Stoke","0.9",4,110,16,402,"a","Erik","Pieters",50,"0.8","0.8","4.0","2.2",90,0,0,0,1,0,0,0,0,0,0,2,6,23,16
"403","Defender","Stoke","0.1",0,110,16,403,"a","Marc","Muniesa",45,"0.0","0.0","0.0","1.7",0,0,0,0,0,0,0,0,0,0,0,0,0,0,16
"404","Defender","Stoke","0.7",2,110,16,404,"a","Phil","Bardsley",50,"0.4","0.4","2.0","2.2",90,0,0,0,1,0,0,0,0,0,0,0,10,6,16
"405","Defender","Stoke","0.0",0,110,16,405,"a","Dionatan","Teixeira",45,"0.0","0.0","0.0","1.7",0,0,0,0,0,0,0,0,0,0,0,0,0,0,16
"406","Defender","Stoke","0.5",0,110,16,406,"a","Ryan","Shotton",40,"0.0","0.0","0.0","1.0",0,0,0,0,0,0,0,0,0,0,0,0,0,0,16
"407","Midfielder","Stoke","0.4",2,110,16,407,"a","Stephen","Ireland",50,"0.4","0.4","2.0","1.5",90,0,0,0,1,0,0,0,0,0,0,0,4,9,16
"408","Midfielder","Stoke","1.3",1,110,16,408,"a","Charlie","Adam",60,"0.2","0.2","1.0","2.2",9,0,0,0,0,0,0,0,0,0,0,0,1,4,16
"409","Midfielder","Stoke","0.1",2,110,16,409,"a","Glenn","Whelan",50,"0.4","0.4","2.0","1.5",81,0,0,0,1,0,0,0,0,0,0,0,5,16,16
"410","Midfielder","Stoke","0.3",0,110,16,410,"a","Wilson","Palacios",45,"0.0","0.0","0.0","1.0",0,0,0,0,0,0,0,0,0,0,0,0,0,0,16
"411","Midfielder","Stoke","0.3",0,110,16,411,"a","Jonathan","Walters",55,"0.0","0.0","0.0","2.0",0,0,0,0,0,0,0,0,0,0,0,0,0,0,16
"412","Midfielder","Stoke","0.3",2,110,16,412,"a","Steven","N'Zonzi",50,"0.4","0.4","2.0","1.5",90,0,0,0,1,0,0,0,0,0,0,0,14,18,16
"413","Midfielder","Stoke","0.1",0,110,16,413,"a","Brek","Shea",45,"0.0","0.0","0.0","1.0",0,0,0,0,0,0,0,0,0,0,0,0,0,0,16
"414","Midfielder","Stoke","0.0",0,110,16,414,"n","Jamie","Ness",45,"0.0","0.0","0.0","0.0",0,0,0,0,0,0,0,0,0,0,0,0,0,0,16
"415","Midfielder","Stoke","0.1",0,110,16,415,"a","Charlie","Ward",45,"0.0","0.0","0.0","1.0",0,0,0,0,0,0,0,0,0,0,0,0,0,0,16
"416","Midfielder","Stoke","4.9",0,110,16,416,"a","Steve","Sidwell",55,"0.0","0.0","0.0","2.0",0,0,0,0,0,0,0,0,0,0,0,0,0,0,16
"417","Midfielder","Stoke","2.2",2,110,16,417,"a","Marko","Arnautovic",65,"0.3","0.3","2.0","2.4",90,0,0,0,1,0,0,0,0,0,0,0,-2,10,16
"418","Midfielder","Stoke","1.1",0,110,16,418,"a","Peter","Odemwingie",64,"0.0","0.0","0.0","2.3",0,0,0,0,0,0,0,0,0,0,0,0,0,0,16
"419","Forward","Stoke","3.1",1,110,16,419,"a","Peter","Crouch",60,"0.2","0.2","1.0","1.9",20,0,0,0,0,0,0,0,0,0,0,0,1,2,16
"420","Forward","Stoke","0.2",0,110,16,420,"u","Cameron","Jerome",50,"0.0","0.0","0.0","1.3",0,0,0,0,0,0,0,0,0,0,0,0,0,0,16
"421","Forward","Stoke","0.5",2,110,16,421,"a","Mame Biram","Diouf",65,"0.3","0.3","2.0","2.1",70,0,0,0,1,0,0,0,0,0,0,0,2,5,16
"422","Goalkeeper","Sunderland","10.0",2,56,17,422,"a","Vito","Mannone",45,"0.4","0.4","2.0","1.6",90,0,0,0,2,0,0,0,0,0,3,0,9,11,17
"423","Goalkeeper","Sunderland","1.3",0,56,17,423,"a","Costel","Pantilimon",45,"0.0","0.0","0.0","1.6",0,0,0,0,0,0,0,0,0,0,0,0,0,0,17
"424","Defender","Sunderland","8.8",1,56,17,424,"a","John","O'Shea",45,"0.2","0.2","1.0","1.7",90,0,0,0,2,0,0,0,0,0,0,0,6,11,17
"425","Defender","Sunderland","0.6",1,56,17,425,"a","Wes","Brown",45,"0.2","0.2","1.0","1.7",80,0,0,0,2,0,0,0,0,0,0,0,9,14,17
"426","Defender","Sunderland","1.2",0,56,17,426,"a","Modibo","Diakité",40,"0.0","0.0","0.0","1.0",0,0,0,0,0,0,0,0,0,0,0,0,0,0,17
"427","Defender","Sunderland","0.4",0,56,17,427,"a","Valentin","Roberge",40,"0.0","0.0","0.0","1.0",90,0,0,0,2,0,0,0,1,0,0,0,2,8,17
"428","Defender","Sunderland","0.1",0,56,17,428,"i","Billy","Jones",45,"0.0","0.0","0.0","0.0",0,0,0,0,0,0,0,0,0,0,0,0,0,0,17
"429","Midfielder","Sunderland","7.4",2,56,17,429,"a","Adam","Johnson",65,"0.3","0.3","2.0","2.4",72,0,0,0,1,0,0,0,0,0,0,0,6,8,17
"430","Midfielder","Sunderland","3.1",8,56,17,430,"a","Lee","Cattermole",45,"1.8","1.8","8.0","1.0",90,1,0,0,2,0,0,0,0,0,0,1,29,25,17
"431","Midfielder","Sunderland","2.3",9,56,17,431,"a","Sebastian","Larsson",55,"1.6","1.6","9.0","2.0",90,1,0,0,2,0,0,0,0,0,0,2,34,39,17
"432","Midfielder","Sunderland","0.1",0,56,17,432,"a","Alfred","N'Diaye",45,"0.0","0.0","0.0","1.0",0,0,0,0,0,0,0,0,0,0,0,0,0,0,17
"433","Midfielder","Sunderland","0.0",0,56,17,433,"a","Tavares Varela","Adilson Cabral",45,"0.0","0.0","0.0","1.0",0,0,0,0,0,0,0,0,0,0,0,0,0,0,17
"434","Midfielder","Sunderland","0.0",0,56,17,434,"i","Emanuele","Giaccherini",60,"0.0","0.0","0.0","0.0",0,0,0,0,0,0,0,0,0,0,0,0,0,0,17
"435","Midfielder","Sunderland","0.0",0,56,17,435,"u","El-Hadji","Ba",45,"0.0","0.0","0.0","0.0",0,0,0,0,0,0,0,0,0,0,0,0,0,0,17
"436","Midfielder","Sunderland","0.0",0,56,17,436,"a","Charalampos","Mavrias",45,"0.0","0.0","0.0","1.0",0,0,0,0,0,0,0,0,0,0,0,0,0,0,17
"437","Midfielder","Sunderland","0.2",0,56,17,437,"a","Liam","Bridcutt",45,"0.0","0.0","0.0","1.0",0,0,0,0,0,0,0,0,0,0,0,0,0,0,17
"438","Midfielder","Sunderland","0.1",0,56,17,438,"a","Liam","Agnew",45,"0.0","0.0","0.0","1.0",0,0,0,0,0,0,0,0,0,0,0,0,0,0,17
"439","Midfielder","Sunderland","0.3",1,56,17,439,"a","Jordi","Gómez",55,"0.2","0.2","1.0","2.0",23,0,0,0,1,0,0,0,0,0,0,0,2,2,17
"440","Forward","Sunderland","2.0",2,56,17,440,"a","Connor","Wickham",60,"0.3","0.3","2.0","1.9",90,0,0,0,2,0,0,0,0,0,0,0,3,8,17
"441","Forward","Sunderland","0.8",2,56,17,441,"a","Steven","Fletcher",55,"0.4","0.4","2.0","1.6",90,0,0,0,2,0,0,0,0,0,0,0,7,5,17
"442","Forward","Sunderland","0.1",0,56,17,442,"a","Mikael","Mandron",45,"0.0","0.0","0.0","1.0",0,0,0,0,0,0,0,0,0,0,0,0,0,0,17
"443","Forward","Sunderland","0.0",0,56,17,443,"u","David","Moberg-Karlsson",45,"0.0","0.0","0.0","0.0",0,0,0,0,0,0,0,0,0,0,0,0,0,0,17
"444","Forward","Sunderland","0.4",1,56,17,444,"a","Jozy","Altidore",55,"0.2","0.2","1.0","1.6",10,0,0,0,0,0,0,0,0,0,0,0,1,3,17
"445","Forward","Sunderland","0.0",0,56,17,445,"u","Ignacio","Scocco",50,"0.0","0.0","0.0","1.3",0,0,0,0,0,0,0,0,0,0,0,0,0,0,17
"446","Forward","Sunderland","0.1",0,56,17,446,"a","Danny","Graham",50,"0.0","0.0","0.0","1.3",0,0,0,0,0,0,0,0,0,0,0,0,0,0,17
"447","Goalkeeper","Spurs","0.6",0,6,15,447,"a","Michel","Vorm",50,"0.0","0.0","0.0","2.3",0,0,0,0,0,0,0,0,0,0,0,0,0,0,15
"448","Goalkeeper","Swansea","1.6",3,80,18,448,"a","Lukasz","Fabianski",50,"0.6","0.6","3.0","2.3",90,0,0,0,1,0,0,0,0,0,4,0,17,15,18
"449","Defender","Swansea","3.0",2,80,18,449,"a","Ashley","Williams",50,"0.4","0.4","2.0","2.2",90,0,0,0,1,0,0,0,0,0,0,0,13,20,18
"450","Defender","Swansea","0.6",0,80,18,450,"a","Neil","Taylor",45,"0.0","0.0","0.0","1.7",52,0,0,0,1,0,0,0,1,0,0,0,10,0,18
"451","Defender","Swansea","0.2",0,80,18,451,"i","Alan","Tate",40,"0.0","0.0","0.0","0.0",0,0,0,0,0,0,0,0,0,0,0,0,0,0,18
"452","Defender","Swansea","0.5",2,80,18,452,"a","Angel","Rangel",50,"0.4","0.4","2.0","2.2",90,0,0,0,1,0,0,0,0,0,0,0,13,16,18
"453","Defender","Swansea","0.1",0,80,18,453,"u","","Chico",50,"0.0","0.0","0.0","0.0",0,0,0,0,0,0,0,0,0,0,0,0,0,0,18
"454","Defender","Swansea","0.6",0,80,18,454,"a","Kyle","Bartley",40,"0.0","0.0","0.0","1.0",0,0,0,0,0,0,0,0,0,0,0,0,0,0,18
"455","Defender","Spurs","3.9",0,6,15,455,"a","Ben","Davies",49,"0.0","0.0","0.0","2.1",0,0,0,0,0,0,0,0,0,0,0,0,0,0,15
"456","Defender","Swansea","0.1",1,80,18,456,"a","Dwight","Tiendalli",45,"0.2","0.2","1.0","1.7",38,0,0,0,0,0,0,0,0,0,0,0,5,7,18
"457","Defender","Swansea","0.3",2,80,18,457,"a","Jordi","Amat",45,"0.4","0.4","2.0","1.7",90,0,0,0,1,0,0,0,0,0,0,0,17,14,18
"458","Defender","Swansea","0.4",0,80,18,458,"a","Jazz","Richards",40,"0.0","0.0","0.0","1.0",0,0,0,0,0,0,0,0,0,0,0,0,0,0,18
"459","Defender","Swansea","0.0",0,80,18,459,"a","Stephen","Kingsley",45,"0.0","0.0","0.0","1.7",0,0,0,0,0,0,0,0,0,0,0,0,0,0,18
"460","Midfielder","Swansea","0.9",5,80,18,460,"a","Wayne","Routledge",55,"0.9","0.9","5.0","2.0",90,0,1,0,1,0,0,0,0,0,0,0,20,13,18
"461","Midfielder","Swansea","0.5",1,80,18,461,"a","Nathan","Dyer",55,"0.2","0.2","1.0","2.0",66,0,0,0,1,0,0,0,1,0,0,0,11,4,18
"462","Midfielder","Swansea","0.1",0,80,18,462,"i","Leon","Britton",45,"0.0","0.0","0.0","0.0",0,0,0,0,0,0,0,0,0,0,0,0,0,0,18
"463","Midfielder","Swansea","0.1",0,80,18,463,"u","Pablo","Hernández",60,"0.0","0.0","0.0","0.0",0,0,0,0,0,0,0,0,0,0,0,0,0,0,18
"464","Midfielder","Swansea","0.0",0,80,18,464,"u","Alejandro","Pozuelo Melero",45,"0.0","0.0","0.0","0.0",0,0,0,0,0,0,0,0,0,0,0,0,0,0,18
"465","Midfielder","Swansea","8.6",1,80,18,465,"a","Jonjo","Shelvey",55,"0.2","0.2","1.0","2.0",90,0,0,0,1,0,0,0,1,0,0,0,13,11,18
"466","Midfielder","Swansea","0.0",0,80,18,466,"u","Miguel","Michu",75,"0.0","0.0","0.0","0.0",0,0,0,0,0,0,0,0,0,0,0,0,0,0,18
"467","Midfielder","Swansea","0.2",0,80,18,467,"a","José Alberto","Cañas Ruiz Herrera",45,"0.0","0.0","0.0","1.0",0,0,0,0,0,0,0,0,0,0,0,0,0,0,18
"468","Midfielder","Swansea","0.2",0,80,18,468,"a","Lee","Lucas",45,"0.0","0.0","0.0","1.0",0,0,0,0,0,0,0,0,0,0,0,0,0,0,18
"469","Midfielder","Swansea","0.0",0,80,18,469,"i","Jay","Fulton",45,"0.0","0.0","0.0","0.0",0,0,0,0,0,0,0,0,0,0,0,0,0,0,18
"470","Midfielder","Swansea","0.1",0,80,18,470,"a","Adam","King",45,"0.0","0.0","0.0","1.0",0,0,0,0,0,0,0,0,0,0,0,0,0,0,18
"471","Midfielder","Swansea","2.3",8,80,18,471,"a","Sung-Yueng","Ki",50,"1.6","1.6","8.0","1.5",90,1,0,0,1,0,0,0,1,0,0,2,32,31,18
"472","Forward","Swansea","8.2",2,80,18,472,"a","Wilfried","Bony",85,"0.2","0.2","2.0","2.7",76,0,0,0,1,0,0,0,0,0,0,0,21,2,18
"473","Forward","Swansea","0.0",0,80,18,473,"i","Rory","Donnelly",45,"0.0","0.0","0.0","0.0",0,0,0,0,0,0,0,0,0,0,0,0,0,0,18
"474","Forward","Swansea","0.9",1,80,18,474,"a","Bafétimbi","Gomis",70,"0.1","0.1","1.0","2.3",14,0,0,0,0,0,0,0,0,0,0,0,3,1,18
"475","Forward","Swansea","0.0",0,80,18,475,"i","Marvin","Emnes",50,"0.0","0.0","0.0","0.0",0,0,0,0,0,0,0,0,0,0,0,0,0,0,18
"476","Goalkeeper","West Brom","19.0",0,35,19,476,"a","Boaz","Myhill",40,"0.0","0.0","0.0","1.0",0,0,0,0,0,0,0,0,0,0,0,0,0,0,19
"477","Goalkeeper","West Brom","4.3",1,35,19,477,"a","Ben","Foster",45,"0.2","0.2","1.0","1.6",90,0,0,0,2,0,0,0,0,0,0,0,5,8,19
"478","Defender","West Brom","0.4",0,35,19,478,"a","Jonas","Olsson",50,"0.0","0.0","0.0","2.2",90,0,0,0,2,0,0,0,1,0,0,0,12,12,19
"479","Defender","West Brom","0.1",0,35,19,479,"a","Gareth","McAuley",50,"0.0","0.0","0.0","2.2",0,0,0,0,0,0,0,0,0,0,0,0,0,0,19
"480","Defender","West Brom","0.2",0,35,19,480,"a","Craig","Dawson",45,"0.0","0.0","0.0","1.7",90,0,0,0,2,0,0,0,1,0,0,0,6,11,19
"481","Defender","West Brom","0.3",0,35,19,481,"a","Liam","O'Neil",40,"0.0","0.0","0.0","1.0",0,0,0,0,0,0,0,0,0,0,0,0,0,0,19
"482","Defender","West Brom","0.2",0,35,19,482,"a","Donervon","Daniels",40,"0.0","0.0","0.0","1.0",0,0,0,0,0,0,0,0,0,0,0,0,0,0,19
"483","Defender","West Brom","0.3",0,35,19,483,"i","Joleon","Lescott",50,"0.0","0.0","0.0","0.0",0,0,0,0,0,0,0,0,0,0,0,0,0,0,19
"484","Defender","West Brom","0.8",1,35,19,484,"a","Chris","Baird",40,"0.2","0.2","1.0","1.0",14,0,0,0,1,0,0,0,0,0,0,0,1,4,19
"485","Defender","West Brom","0.1",1,35,19,485,"a","Sébastien","Pocognoli",45,"0.2","0.2","1.0","1.7",90,0,0,0,2,0,0,0,0,0,0,0,3,6,19
"486","Midfielder","West Brom","0.6",1,35,19,486,"a","Stephane","Sessegnon",60,"0.2","0.2","1.0","2.2",7,0,0,0,1,0,0,0,0,0,0,0,1,0,19
"487","Midfielder","West Brom","0.0",0,35,19,487,"u","George","Thorne",45,"0.0","0.0","0.0","0.0",0,0,0,0,0,0,0,0,0,0,0,0,0,0,19
"488","Midfielder","West Brom","0.1",1,35,19,488,"a","Graham","Dorrans",50,"0.2","0.2","1.0","1.5",83,0,0,0,1,0,0,0,1,0,0,0,18,8,19
"489","Midfielder","West Brom","0.2",6,35,19,489,"a","Craig","Gardner",55,"1.1","1.1","6.0","2.0",83,0,1,0,1,0,0,0,0,0,0,1,24,25,19
"490","Midfielder","West Brom","0.0",0,35,19,490,"a","James","Morrison",55,"0.0","0.0","0.0","2.0",0,0,0,0,0,0,0,0,0,0,0,0,0,0,19
"491","Midfielder","West Brom","0.4",2,35,19,491,"a","Youssouf","Mulumbu",50,"0.4","0.4","2.0","1.5",90,0,0,0,2,0,0,0,0,0,0,0,10,11,19
"492","Midfielder","West Brom","0.2",2,35,19,492,"a","Chris","Brunt",55,"0.4","0.4","2.0","2.0",76,0,0,0,1,0,0,0,0,0,0,0,6,4,19
"493","Midfielder","West Brom","0.5",1,35,19,493,"a","Claudio","Yacob",45,"0.2","0.2","1.0","1.0",7,0,0,0,1,0,0,0,0,0,0,0,1,3,19
"494","Midfielder","West Brom","0.1",0,35,19,494,"a","Kemar","Roofe",45,"0.0","0.0","0.0","1.0",0,0,0,0,0,0,0,0,0,0,0,0,0,0,19
"495","Forward","West Brom","0.7",5,35,19,495,"a","Victor","Anichebe",50,"1.0","1.0","5.0","1.3",90,0,1,0,2,0,0,0,0,0,0,0,8,9,19
"496","Forward","West Brom","5.1",13,35,19,496,"a","Saido","Berahino",56,"2.3","2.3","13.0","1.7",90,2,0,0,2,0,0,0,0,0,0,3,50,46,19
"497","Goalkeeper","West Ham","1.3",0,21,20,497,"a","Jussi","Jääskeläinen",45,"0.0","0.0","0.0","1.6",0,0,0,0,0,0,0,0,0,0,0,0,0,0,20
"498","Goalkeeper","West Ham","0.6",3,21,20,498,"a","Adrián","San Miguel del Castillo",50,"0.6","0.6","3.0","2.3",90,0,0,0,1,0,0,0,0,0,4,0,6,14,20
"499","Defender","West Ham","0.7",-1,21,20,499,"s","James","Collins",45,"-0.2","-0.2","-1.0","0.0",62,0,0,0,1,0,0,0,0,1,0,0,-6,7,20
"500","Defender","West Ham","0.9",8,21,20,500,"a","Joey","O'Brien",45,"1.8","1.8","8.0","1.7",61,0,0,1,0,0,0,0,0,0,0,2,5,34,20
"501","Defender","West Ham","0.8",2,21,20,501,"a","Winston","Reid",50,"0.4","0.4","2.0","2.2",90,0,0,0,1,0,0,0,0,0,0,0,10,21,20
"502","Defender","West Ham","0.5",1,21,20,502,"a","Guy","Demel",50,"0.2","0.2","1.0","2.2",29,0,0,0,1,0,0,0,0,0,0,0,1,4,20
"503","Defender","West Ham","0.3",0,21,20,503,"a","Daniel","Potts",40,"0.0","0.0","0.0","1.0",0,0,0,0,0,0,0,0,0,0,0,0,0,0,20
"504","Defender","West Ham","0.2",0,21,20,504,"d","James","Tomkins",50,"0.0","0.0","0.0","1.7",0,0,0,0,0,0,0,0,0,0,0,0,0,0,20
"505","Defender","West Ham","0.6",0,21,20,505,"a","Leo","Chambers",40,"0.0","0.0","0.0","1.0",0,0,0,0,0,0,0,0,0,0,0,0,0,0,20
"506","Defender","West Ham","0.4",2,21,20,506,"a","Aaron","Cresswell",55,"0.4","0.4","2.0","2.7",90,0,0,0,1,0,0,0,0,0,0,0,6,19,20
"507","Midfielder","West Ham","0.5",2,21,20,507,"a","Stewart","Downing",55,"0.4","0.4","2.0","2.0",90,0,0,0,1,0,0,0,0,0,0,0,20,13,20
"508","Midfielder","West Ham","3.8",0,21,20,508,"a","Mark","Noble",55,"0.0","0.0","0.0","2.0",90,0,0,0,1,0,0,1,0,0,0,0,14,12,20
"509","Midfielder","West Ham","0.0",0,21,20,509,"d","Ravel","Morrison",50,"0.0","0.0","0.0","0.8",0,0,0,0,0,0,0,0,0,0,0,0,0,0,20
"510","Midfielder","West Ham","5.2",2,21,20,510,"a","Kevin","Nolan",65,"0.3","0.3","2.0","2.4",90,0,0,0,1,0,0,0,0,0,0,0,3,13,20
"511","Midfielder","West Ham","0.3",1,21,20,511,"a","Mohamed","Diamé",55,"0.2","0.2","1.0","2.0",23,0,0,0,1,0,0,0,0,0,0,0,0,8,20
"512","Midfielder","West Ham","0.2",0,21,20,512,"a","Alou","Diarra",45,"0.0","0.0","0.0","1.0",0,0,0,0,0,0,0,0,0,0,0,0,0,0,20
"513","Midfielder","West Ham","0.1",0,21,20,513,"i","Matthew","Jarvis",55,"0.0","0.0","0.0","0.0",0,0,0,0,0,0,0,0,0,0,0,0,0,0,20
"514","Midfielder","West Ham","0.2",1,21,20,514,"a","Cheikhou","Kouyate",50,"0.2","0.2","1.0","1.5",90,0,0,0,1,0,0,0,1,0,0,0,-1,12,20
"515","Midfielder","West Ham","1.1",0,21,20,515,"a","Diego","Poyet",45,"0.0","0.0","0.0","1.0",0,0,0,0,0,0,0,0,0,0,0,0,0,0,20
"516","Forward","West Ham","0.0",0,21,20,516,"i","Andy","Carroll",70,"0.0","0.0","0.0","0.0",0,0,0,0,0,0,0,0,0,0,0,0,0,0,20
"517","Forward","West Ham","3.5",2,21,20,517,"a","Ricardo","Vaz Te",45,"0.4","0.4","2.0","1.0",67,0,0,1,0,0,0,0,0,0,0,0,-2,-1,20
"518","Forward","West Ham","0.0",0,21,20,518,"a","Modibo","Maiga",50,"0.0","0.0","0.0","1.3",0,0,0,0,0,0,0,0,0,0,0,0,0,0,20
"519","Forward","West Ham","0.2",0,21,20,519,"a","Elliot","Lee",45,"0.0","0.0","0.0","1.0",0,0,0,0,0,0,0,0,0,0,0,0,0,0,20
"520","Forward","West Ham","0.8",2,21,20,520,"a","Carlton","Cole",50,"0.4","0.4","2.0","1.3",80,0,0,1,0,0,0,0,0,0,0,0,-1,-1,20
"521","Forward","West Ham","0.7",0,21,20,521,"a","Mauro","Zárate",64,"0.0","0.0","0.0","2.1",0,0,0,0,0,0,0,0,0,0,0,0,0,0,20
"522","Forward","Chelsea","39.2",6,8,4,522,"a","Diego","da Silva Costa",105,"0.6","0.6","6.0","3.4",90,1,0,0,1,0,0,0,1,0,0,1,33,30,4
"523","Forward","Burnley","0.5",2,90,3,523,"a","Lukas","Jutkiewicz",50,"0.4","0.4","2.0","1.3",69,0,0,0,3,0,0,0,0,0,0,0,-10,-2,3
"524","Midfielder","Liverpool","0.4",0,14,9,524,"a","Lazar","Markovic",75,"0.0","0.0","0.0","2.7",0,0,0,0,0,0,0,0,0,0,0,0,0,0,9
"525","Midfielder","Newcastle","2.5",2,4,12,525,"a","Rémy","Cabella",75,"0.3","0.3","2.0","2.7",90,0,0,0,2,0,0,0,0,0,0,0,-1,12,12
"526","Forward","Newcastle","1.5",2,4,12,526,"a","Emmanuel","Rivière",70,"0.3","0.3","2.0","2.3",82,0,0,0,1,0,0,0,0,0,0,0,-7,3,12
"527","Defender","Newcastle","2.5",0,4,12,527,"a","Daryl","Janmaat",50,"0.0","0.0","0.0","2.2",90,0,0,0,2,0,0,0,1,0,0,0,4,8,12
"528","Defender","Chelsea","9.6",0,8,4,528,"a","Filipe","Luis",60,"0.0","0.0","0.0","3.1",0,0,0,0,0,0,0,0,0,0,0,0,0,0,4
"529","Defender","QPR","7.2",3,52,13,529,"a","Rio","Ferdinand",45,"0.7","0.7","3.0","1.7",90,0,0,0,1,0,0,0,0,0,0,1,4,27,13
"530","Forward","West Ham","0.4",1,21,20,530,"a","Enner","Valencia",70,"0.1","0.1","1.0","2.3",10,0,0,0,1,0,0,0,0,0,0,0,0,2,20
"531","Forward","West Brom","0.1",0,35,19,531,"a","Brown","Ideye",60,"0.0","0.0","0.0","1.9",0,0,0,0,0,0,0,0,0,0,0,0,0,0,19
"532","Forward","Leicester","0.8",6,13,8,532,"a","Leonardo","Ulloa",55,"1.1","1.1","6.0","1.6",77,1,0,0,2,0,0,0,0,0,0,0,33,24,8
"533","Forward","Stoke","16.9",2,110,16,533,"a","Bojan","Krkic",55,"0.4","0.4","2.0","1.6",90,0,0,0,1,0,0,0,0,0,0,0,2,6,16
"534","Defender","QPR","14.5",2,52,13,534,"a","Steven","Caulker",50,"0.4","0.4","2.0","2.2",90,0,0,0,1,0,0,0,0,0,0,0,7,13,13
"535","Goalkeeper","Swansea","0.2",0,80,18,535,"a","Gerhard","Tremmel",45,"0.0","0.0","0.0","1.6",0,0,0,0,0,0,0,0,0,0,0,0,0,0,18
"536","Forward","Crystal Palace","3.4",2,31,5,536,"a","Fraizer","Campbell",55,"0.4","0.4","2.0","1.6",84,0,0,0,1,0,0,0,0,0,0,0,2,-1,5
"537","Midfielder","Swansea","0.3",1,80,18,537,"a","Jefferson","Montero",60,"0.2","0.2","1.0","2.2",24,0,0,0,0,0,0,0,0,0,0,0,7,2,18
"538","Defender","Leicester","0.5",0,13,8,538,"a","Zoumana","Bakayogo",40,"0.0","0.0","0.0","1.0",0,0,0,0,0,0,0,0,0,0,0,0,0,0,8
"539","Defender","Aston Villa","4.8",5,7,2,539,"a","Alan","Hutton",40,"1.2","1.2","5.0","1.0",90,0,0,1,0,0,0,0,1,0,0,0,13,16,2
"540","Defender","Chelsea","0.2",0,8,4,540,"a","Kurt","Zouma",50,"0.0","0.0","0.0","2.2",0,0,0,0,0,0,0,0,0,0,0,0,0,0,4
"541","Defender","Sunderland","1.2",4,56,17,541,"a","Patrick","van Aanholt",45,"0.9","0.9","4.0","1.7",90,0,1,0,2,0,0,0,0,0,0,0,15,22,17
"542","Forward","Chelsea","1.9",1,8,4,542,"a","Didier","Drogba",65,"0.2","0.2","1.0","2.1",7,0,0,0,0,0,0,0,0,0,0,0,-2,2,4
"543","Goalkeeper","Arsenal","0.3",0,3,1,543,"i","David","Ospina",50,"0.0","0.0","0.0","0.0",0,0,0,0,0,0,0,0,0,0,0,0,0,0,1
"544","Midfielder","Everton","1.0",0,11,6,544,"a","Muhamed","Besic",50,"0.0","0.0","0.0","1.5",0,0,0,0,0,0,0,0,0,0,0,0,0,0,6
"545","Defender","Hull","0.5",7,88,7,545,"a","Andrew","Robertson",45,"1.6","1.6","7.0","1.7",90,0,0,1,0,0,0,0,0,0,0,1,20,27,7
"546","Defender","Hull","0.1",0,88,7,546,"a","Harry","Maguire",45,"0.0","0.0","0.0","1.7",0,0,0,0,0,0,0,0,0,0,0,0,0,0,7
"547","Defender","Crystal Palace","1.5",7,31,5,547,"a","Brede","Hangeland",50,"1.4","1.4","7.0","2.2",90,1,0,0,2,0,0,0,0,0,0,0,21,16,5
"548","Defender","Spurs","5.7",15,6,15,548,"a","Eric","Dier",51,"2.9","2.9","15.0","2.3",90,1,0,1,0,0,0,0,0,0,0,3,36,42,15
"549","Forward","Newcastle","0.2",0,4,12,549,"a","Facundo","Ferreyra",60,"0.0","0.0","0.0","1.9",0,0,0,0,0,0,0,0,0,0,0,0,0,0,12
"550","Defender","Liverpool","0.7",1,14,9,550,"a","Javier","Manquillo",50,"0.2","0.2","1.0","2.2",90,0,0,0,1,0,0,0,1,0,0,0,19,11,9
"551","Midfielder","Man City","0.6",0,43,10,551,"d","Frank","Lampard",55,"0.0","0.0","0.0","1.5",0,0,0,0,0,0,0,0,0,0,0,0,0,0,10
"552","Midfielder","QPR","4.1",2,52,13,552,"a","Jordon","Mutch",55,"0.4","0.4","2.0","2.0",90,0,0,0,1,0,0,0,0,0,0,0,2,3,13
"553","Defender","West Brom","0.1",0,35,19,553,"a","Jason","Davidson",45,"0.0","0.0","0.0","1.7",0,0,0,0,0,0,0,0,0,0,0,0,0,0,19
"554","Defender","West Brom","0.2",0,35,19,554,"d","Cristian","Gamboa",45,"0.0","0.0","0.0","0.8",0,0,0,0,0,0,0,0,0,0,0,0,0,0,19
"555","Goalkeeper","Liverpool","0.0",0,14,9,555,"a","Brad","Jones",50,"0.0","0.0","0.0","2.3",0,0,0,0,0,0,0,0,0,0,0,0,0,0,9
"556","Midfielder","Southampton","0.1",0,20,14,556,"a","Saphir","Taïder",55,"0.0","0.0","0.0","2.0",0,0,0,0,0,0,0,0,0,0,0,0,0,0,14
"557","Defender","QPR","0.7",0,52,13,557,"a","Mauricio","Isla",50,"0.0","0.0","0.0","2.2",0,0,0,0,0,0,0,0,0,0,0,0,0,0,13
"558","Defender","Aston Villa","0.8",6,7,2,558,"a","Aly","Cissokho",45,"1.3","1.3","6.0","1.7",90,0,0,1,0,0,0,0,0,0,0,0,13,21,2
"559","Midfielder","Man City","0.0",0,43,10,559,"u","Bruno","Zuculini",55,"0.0","0.0","0.0","0.0",0,0,0,0,0,0,0,0,0,0,0,0,0,0,10
"560","Goalkeeper","Southampton","1.7",2,20,14,560,"a","Fraser","Forster",50,"0.4","0.4","2.0","2.3",90,0,0,0,2,0,0,0,0,0,3,0,5,11,14
"561","Defender","Sunderland","0.1",0,56,17,561,"d","Santiago","Vergini",45,"0.0","0.0","0.0","1.2",0,0,0,0,0,0,0,0,0,0,0,0,0,0,17
"562","Defender","Man City","2.1",0,43,10,562,"i","Eliaquim","Mangala",60,"0.0","0.0","0.0","0.0",0,0,0,0,0,0,0,0,0,0,0,0,0,0,10
"563","Midfielder","Newcastle","0.1",1,4,12,563,"a","Rolando","Aarons",50,"0.2","0.2","1.0","1.5",17,0,0,0,1,0,0,0,0,0,0,0,-3,1,12
"564","Defender","Crystal Palace","0.1",0,31,5,564,"a","Jerome","Binnom-Williams",45,"0.0","0.0","0.0","1.7",0,0,0,0,0,0,0,0,0,0,0,0,0,0,5
"565","Defender","Man Utd","0.3",0,1,11,565,"a","Reece","James",45,"0.0","0.0","0.0","1.7",0,0,0,0,0,0,0,0,0,0,0,0,0,0,11
"566","Defender","Man Utd","0.8",0,1,11,566,"a","Tyler","Blackett",45,"0.0","0.0","0.0","1.7",90,0,0,0,2,0,0,0,1,0,0,0,4,13,11
"567","Midfielder","Everton","0.2",0,11,6,567,"a","Christian","Atsu",60,"0.0","0.0","0.0","2.2",0,0,0,0,0,0,0,0,0,0,0,0,0,0,6
